,results,parameters.fixture,paging.current,paging.total,home_team.id,home_team.name,home_team.logo,home_team_Shots on Goal,home_team_Shots off Goal,home_team_Total Shots,home_team_Blocked Shots,home_team_Shots insidebox,home_team_Shots outsidebox,home_team_Fouls,home_team_Corner Kicks,home_team_Offsides,home_team_Ball Possession,home_team_Yellow Cards,home_team_Red Cards,home_team_Goalkeeper Saves,home_team_Total passes,home_team_Passes accurate,home_team_Passes %,away_team.id,away_team.name,away_team.logo,away_team_Shots on Goal,away_team_Shots off Goal,away_team_Total Shots,away_team_Blocked Shots,away_team_Shots insidebox,away_team_Shots outsidebox,away_team_Fouls,away_team_Corner Kicks,away_team_Offsides,away_team_Ball Possession,away_team_Yellow Cards,away_team_Red Cards,away_team_Goalkeeper Saves,away_team_Total passes,away_team_Passes accurate,away_team_Passes %
0,2,135761,1,1,2.0,France,https://media.api-sports.io/football/teams/2.png,4.0,4.0,9.0,1.0,6.0,3.0,21.0,,,39%,3.0,,1.0,344.0,280.0,81%,26.0,Argentina,https://media.api-sports.io/football/teams/26.png,4.0,1.0,10.0,5.0,6.0,4.0,15.0,4.0,1.0,61%,5.0,,,512.0,444.0,87%
1,2,135762,1,1,7.0,Uruguay,https://media.api-sports.io/football/teams/7.png,3.0,2.0,5.0,,3.0,2.0,13.0,2.0,,32%,,,4.0,273.0,183.0,67%,27.0,Portugal,https://media.api-sports.io/football/teams/27.png,5.0,8.0,20.0,7.0,6.0,14.0,13.0,10.0,1.0,68%,1.0,,1.0,544.0,471.0,87%
2,2,135763,1,1,9.0,Spain,https://media.api-sports.io/football/teams/9.png,9.0,7.0,23.0,7.0,14.0,9.0,5.0,6.0,1.0,78%,1.0,,,1115.0,1008.0,90%,4.0,Russia,https://media.api-sports.io/football/teams/4.png,1.0,4.0,7.0,2.0,5.0,2.0,19.0,5.0,1.0,22%,2.0,,9.0,291.0,192.0,66%
3,2,135764,1,1,3.0,Croatia,https://media.api-sports.io/football/teams/3.png,6.0,7.0,20.0,7.0,8.0,12.0,5.0,5.0,2.0,53%,,,2.0,602.0,482.0,80%,21.0,Denmark,https://media.api-sports.io/football/teams/21.png,3.0,9.0,14.0,2.0,6.0,8.0,19.0,4.0,,47%,1.0,,5.0,530.0,419.0,79%
4,2,135765,1,1,6.0,Brazil,https://media.api-sports.io/football/teams/6.png,10.0,6.0,20.0,4.0,14.0,6.0,6.0,8.0,,48%,2.0,,1.0,383.0,320.0,84%,16.0,Mexico,https://media.api-sports.io/football/teams/16.png,1.0,5.0,14.0,8.0,7.0,7.0,17.0,7.0,2.0,52%,4.0,,8.0,406.0,350.0,86%
5,2,135766,1,1,1.0,Belgium,https://media.api-sports.io/football/teams/1.png,8.0,9.0,24.0,7.0,14.0,10.0,13.0,10.0,1.0,57%,,,3.0,595.0,515.0,87%,12.0,Japan,https://media.api-sports.io/football/teams/12.png,4.0,4.0,11.0,3.0,7.0,4.0,9.0,6.0,1.0,43%,1.0,,5.0,450.0,366.0,81%
6,2,135767,1,1,5.0,Sweden,https://media.api-sports.io/football/teams/5.png,3.0,6.0,12.0,3.0,5.0,7.0,11.0,3.0,1.0,32%,1.0,,4.0,274.0,188.0,69%,15.0,Switzerland,https://media.api-sports.io/football/teams/15.png,4.0,4.0,18.0,10.0,8.0,10.0,13.0,11.0,,68%,2.0,1.0,2.0,556.0,483.0,87%
7,2,135768,1,1,8.0,Colombia,https://media.api-sports.io/football/teams/8.png,4.0,7.0,14.0,3.0,7.0,7.0,23.0,2.0,1.0,47%,6.0,,1.0,524.0,406.0,77%,10.0,England,https://media.api-sports.io/football/teams/10.png,2.0,9.0,16.0,5.0,10.0,6.0,13.0,7.0,2.0,53%,2.0,,3.0,578.0,465.0,80%
8,2,135769,1,1,7.0,Uruguay,https://media.api-sports.io/football/teams/7.png,4.0,6.0,11.0,1.0,6.0,5.0,17.0,4.0,,38%,2.0,,,311.0,199.0,64%,2.0,France,https://media.api-sports.io/football/teams/2.png,2.0,8.0,11.0,1.0,3.0,8.0,15.0,3.0,,62%,2.0,,4.0,516.0,417.0,81%
9,2,135770,1,1,6.0,Brazil,https://media.api-sports.io/football/teams/6.png,9.0,7.0,27.0,11.0,16.0,11.0,14.0,8.0,1.0,58%,2.0,,2.0,521.0,463.0,89%,1.0,Belgium,https://media.api-sports.io/football/teams/1.png,3.0,4.0,9.0,2.0,4.0,5.0,16.0,4.0,,42%,2.0,,9.0,374.0,301.0,80%
10,2,135771,1,1,5.0,Sweden,https://media.api-sports.io/football/teams/5.png,3.0,2.0,6.0,1.0,4.0,2.0,10.0,1.0,2.0,42%,2.0,,,366.0,265.0,72%,10.0,England,https://media.api-sports.io/football/teams/10.png,2.0,4.0,12.0,6.0,7.0,5.0,7.0,6.0,1.0,58%,1.0,,3.0,502.0,401.0,80%
11,2,135772,1,1,4.0,Russia,https://media.api-sports.io/football/teams/4.png,5.0,7.0,13.0,1.0,10.0,3.0,25.0,6.0,1.0,35%,1.0,,1.0,400.0,259.0,65%,3.0,Croatia,https://media.api-sports.io/football/teams/3.png,3.0,11.0,18.0,4.0,12.0,6.0,18.0,8.0,,65%,4.0,,3.0,728.0,592.0,81%
12,2,135773,1,1,2.0,France,https://media.api-sports.io/football/teams/2.png,5.0,8.0,19.0,6.0,12.0,7.0,6.0,4.0,1.0,36%,2.0,,3.0,345.0,289.0,84%,1.0,Belgium,https://media.api-sports.io/football/teams/1.png,3.0,5.0,9.0,1.0,6.0,3.0,16.0,5.0,1.0,64%,3.0,,4.0,594.0,542.0,91%
13,2,135774,1,1,3.0,Croatia,https://media.api-sports.io/football/teams/3.png,7.0,11.0,22.0,4.0,12.0,10.0,23.0,8.0,1.0,55%,2.0,,,590.0,474.0,80%,10.0,England,https://media.api-sports.io/football/teams/10.png,2.0,6.0,11.0,3.0,6.0,5.0,14.0,4.0,3.0,45%,1.0,,5.0,497.0,379.0,76%
14,2,135775,1,1,1.0,Belgium,https://media.api-sports.io/football/teams/1.png,4.0,3.0,12.0,5.0,10.0,2.0,11.0,4.0,1.0,42%,1.0,,5.0,485.0,420.0,87%,10.0,England,https://media.api-sports.io/football/teams/10.png,6.0,7.0,15.0,2.0,9.0,6.0,4.0,5.0,,58%,2.0,,2.0,674.0,619.0,92%
15,2,135776,1,1,2.0,France,https://media.api-sports.io/football/teams/2.png,6.0,,7.0,1.0,2.0,5.0,13.0,2.0,1.0,34%,2.0,,2.0,289.0,198.0,69%,3.0,Croatia,https://media.api-sports.io/football/teams/3.png,4.0,9.0,14.0,1.0,9.0,5.0,13.0,6.0,1.0,66%,1.0,,3.0,528.0,440.0,83%
16,2,135777,1,1,4.0,Russia,https://media.api-sports.io/football/teams/4.png,7.0,3.0,14.0,4.0,11.0,3.0,22.0,6.0,3.0,38%,1.0,,,345.0,251.0,73%,23.0,Saudi Arabia,https://media.api-sports.io/football/teams/23.png,,3.0,6.0,3.0,4.0,2.0,10.0,2.0,1.0,62%,1.0,,2.0,557.0,451.0,81%
17,2,135778,1,1,32.0,Egypt,https://media.api-sports.io/football/teams/32.png,3.0,3.0,8.0,2.0,4.0,4.0,12.0,,1.0,41%,2.0,,4.0,424.0,313.0,74%,7.0,Uruguay,https://media.api-sports.io/football/teams/7.png,5.0,6.0,15.0,4.0,8.0,7.0,6.0,5.0,1.0,59%,,,3.0,588.0,503.0,86%
18,2,135779,1,1,31.0,Morocco,https://media.api-sports.io/football/teams/31.png,3.0,6.0,13.0,4.0,9.0,4.0,22.0,5.0,,67%,1.0,,2.0,461.0,374.0,81%,22.0,Iran,https://media.api-sports.io/football/teams/22.png,2.0,6.0,9.0,1.0,6.0,4.0,14.0,2.0,,33%,3.0,,3.0,218.0,127.0,58%
19,2,135780,1,1,27.0,Portugal,https://media.api-sports.io/football/teams/27.png,3.0,3.0,9.0,3.0,3.0,6.0,12.0,4.0,1.0,33%,1.0,,3.0,372.0,307.0,83%,9.0,Spain,https://media.api-sports.io/football/teams/9.png,6.0,5.0,13.0,2.0,9.0,4.0,10.0,5.0,3.0,67%,1.0,,,759.0,700.0,92%
20,2,135781,1,1,2.0,France,https://media.api-sports.io/football/teams/2.png,5.0,5.0,12.0,2.0,7.0,6.0,16.0,5.0,,55%,1.0,,1.0,508.0,426.0,84%,20.0,Australia,https://media.api-sports.io/football/teams/20.png,1.0,3.0,6.0,2.0,4.0,2.0,19.0,1.0,,45%,3.0,,4.0,407.0,321.0,79%
21,2,135782,1,1,26.0,Argentina,https://media.api-sports.io/football/teams/26.png,7.0,10.0,27.0,10.0,12.0,15.0,10.0,10.0,,77%,,,1.0,752.0,673.0,89%,18.0,Iceland,https://media.api-sports.io/football/teams/18.png,2.0,5.0,8.0,1.0,5.0,3.0,15.0,2.0,,23%,,,6.0,209.0,132.0,63%
22,2,135783,1,1,30.0,Peru,https://media.api-sports.io/football/teams/30.png,6.0,9.0,17.0,2.0,13.0,4.0,10.0,3.0,5.0,53%,1.0,,2.0,418.0,341.0,82%,21.0,Denmark,https://media.api-sports.io/football/teams/21.png,3.0,5.0,10.0,2.0,4.0,6.0,18.0,7.0,3.0,47%,2.0,,6.0,364.0,289.0,79%
23,2,135784,1,1,3.0,Croatia,https://media.api-sports.io/football/teams/3.png,2.0,7.0,11.0,2.0,8.0,4.0,20.0,6.0,2.0,54%,2.0,,2.0,483.0,383.0,79%,19.0,Nigeria,https://media.api-sports.io/football/teams/19.png,2.0,7.0,14.0,5.0,10.0,4.0,16.0,5.0,1.0,46%,1.0,,1.0,399.0,309.0,77%
24,2,135785,1,1,29.0,Costa Rica,https://media.api-sports.io/football/teams/29.png,3.0,3.0,10.0,4.0,5.0,5.0,18.0,5.0,1.0,52%,2.0,,2.0,449.0,359.0,80%,14.0,Serbia,https://media.api-sports.io/football/teams/14.png,3.0,6.0,10.0,1.0,5.0,5.0,15.0,4.0,3.0,48%,2.0,,3.0,418.0,326.0,78%
25,2,135786,1,1,25.0,Germany,https://media.api-sports.io/football/teams/25.png,9.0,8.0,26.0,9.0,12.0,14.0,10.0,8.0,1.0,66%,2.0,,3.0,596.0,518.0,87%,16.0,Mexico,https://media.api-sports.io/football/teams/16.png,4.0,7.0,13.0,2.0,5.0,8.0,16.0,1.0,1.0,34%,2.0,,9.0,304.0,232.0,76%
26,2,135787,1,1,6.0,Brazil,https://media.api-sports.io/football/teams/6.png,5.0,10.0,21.0,6.0,12.0,9.0,11.0,7.0,1.0,54%,1.0,,1.0,544.0,478.0,88%,15.0,Switzerland,https://media.api-sports.io/football/teams/15.png,2.0,4.0,6.0,,3.0,3.0,19.0,2.0,,46%,3.0,,3.0,453.0,362.0,80%
27,2,135788,1,1,5.0,Sweden,https://media.api-sports.io/football/teams/5.png,4.0,5.0,15.0,6.0,9.0,6.0,20.0,6.0,1.0,55%,1.0,,,447.0,362.0,81%,17.0,South Korea,https://media.api-sports.io/football/teams/17.png,,2.0,5.0,3.0,3.0,2.0,23.0,5.0,,45%,2.0,,3.0,359.0,281.0,78%
28,2,135789,1,1,1.0,Belgium,https://media.api-sports.io/football/teams/1.png,6.0,7.0,15.0,2.0,10.0,5.0,17.0,9.0,1.0,61%,3.0,,2.0,568.0,485.0,85%,11.0,Panama,https://media.api-sports.io/football/teams/11.png,2.0,4.0,7.0,1.0,3.0,4.0,18.0,3.0,2.0,39%,5.0,,3.0,354.0,283.0,80%
29,2,135790,1,1,28.0,Tunisia,https://media.api-sports.io/football/teams/28.png,1.0,3.0,6.0,2.0,3.0,3.0,14.0,2.0,2.0,39%,,,5.0,352.0,273.0,78%,10.0,England,https://media.api-sports.io/football/teams/10.png,8.0,8.0,18.0,2.0,14.0,4.0,8.0,7.0,3.0,61%,1.0,,,531.0,457.0,86%
30,2,135791,1,1,8.0,Colombia,https://media.api-sports.io/football/teams/8.png,3.0,1.0,8.0,4.0,5.0,3.0,15.0,3.0,2.0,38%,2.0,1.0,4.0,376.0,289.0,77%,12.0,Japan,https://media.api-sports.io/football/teams/12.png,6.0,5.0,14.0,3.0,12.0,2.0,9.0,6.0,1.0,62%,1.0,,2.0,595.0,516.0,87%
31,2,135792,1,1,24.0,Poland,https://media.api-sports.io/football/teams/24.png,4.0,6.0,11.0,1.0,6.0,5.0,8.0,3.0,3.0,61%,1.0,,1.0,569.0,472.0,83%,13.0,Senegal,https://media.api-sports.io/football/teams/13.png,2.0,4.0,8.0,2.0,6.0,3.0,15.0,3.0,2.0,39%,2.0,,3.0,360.0,279.0,78%
32,2,135793,1,1,4.0,Russia,https://media.api-sports.io/football/teams/4.png,3.0,6.0,11.0,2.0,5.0,7.0,11.0,7.0,,49%,1.0,,,422.0,304.0,72%,32.0,Egypt,https://media.api-sports.io/football/teams/32.png,1.0,8.0,13.0,4.0,7.0,6.0,10.0,4.0,,51%,1.0,,1.0,443.0,347.0,78%
33,2,135794,1,1,27.0,Portugal,https://media.api-sports.io/football/teams/27.png,2.0,4.0,10.0,4.0,4.0,6.0,19.0,5.0,1.0,45%,1.0,,4.0,396.0,284.0,72%,31.0,Morocco,https://media.api-sports.io/football/teams/31.png,4.0,9.0,15.0,2.0,11.0,4.0,23.0,7.0,1.0,55%,1.0,,1.0,467.0,357.0,76%
34,2,135795,1,1,7.0,Uruguay,https://media.api-sports.io/football/teams/7.png,3.0,6.0,13.0,4.0,9.0,4.0,10.0,3.0,1.0,47%,,,2.0,502.0,426.0,85%,23.0,Saudi Arabia,https://media.api-sports.io/football/teams/23.png,2.0,4.0,8.0,2.0,3.0,5.0,13.0,4.0,2.0,53%,,,2.0,550.0,478.0,87%
35,2,135796,1,1,22.0,Iran,https://media.api-sports.io/football/teams/22.png,,7.0,7.0,,5.0,2.0,14.0,2.0,2.0,22%,2.0,,2.0,216.0,139.0,64%,9.0,Spain,https://media.api-sports.io/football/teams/9.png,5.0,5.0,18.0,8.0,10.0,8.0,14.0,6.0,1.0,78%,,,,776.0,701.0,90%
36,2,135797,1,1,21.0,Denmark,https://media.api-sports.io/football/teams/21.png,5.0,5.0,10.0,,7.0,3.0,7.0,3.0,1.0,47%,2.0,,3.0,453.0,388.0,86%,20.0,Australia,https://media.api-sports.io/football/teams/20.png,4.0,4.0,13.0,5.0,8.0,5.0,5.0,5.0,,53%,,,5.0,504.0,423.0,84%
37,2,135798,1,1,2.0,France,https://media.api-sports.io/football/teams/2.png,4.0,6.0,12.0,2.0,9.0,3.0,11.0,5.0,,43%,2.0,,2.0,396.0,308.0,78%,30.0,Peru,https://media.api-sports.io/football/teams/30.png,2.0,6.0,10.0,2.0,3.0,7.0,15.0,3.0,1.0,57%,2.0,,3.0,513.0,416.0,81%
38,2,135799,1,1,26.0,Argentina,https://media.api-sports.io/football/teams/26.png,3.0,3.0,10.0,4.0,8.0,2.0,16.0,5.0,3.0,57%,3.0,,2.0,499.0,397.0,80%,3.0,Croatia,https://media.api-sports.io/football/teams/3.png,5.0,6.0,14.0,3.0,7.0,7.0,22.0,2.0,3.0,43%,4.0,,3.0,367.0,278.0,76%
39,2,135800,1,1,6.0,Brazil,https://media.api-sports.io/football/teams/6.png,10.0,10.0,22.0,2.0,12.0,10.0,11.0,9.0,3.0,71%,2.0,,,705.0,645.0,91%,29.0,Costa Rica,https://media.api-sports.io/football/teams/29.png,,3.0,3.0,,1.0,2.0,11.0,1.0,3.0,29%,1.0,,7.0,280.0,198.0,71%
40,2,135801,1,1,19.0,Nigeria,https://media.api-sports.io/football/teams/19.png,4.0,6.0,16.0,6.0,7.0,9.0,9.0,6.0,1.0,61%,1.0,,3.0,488.0,394.0,81%,18.0,Iceland,https://media.api-sports.io/football/teams/18.png,3.0,5.0,9.0,1.0,6.0,3.0,10.0,5.0,,39%,,,2.0,303.0,215.0,71%
41,2,135802,1,1,14.0,Serbia,https://media.api-sports.io/football/teams/14.png,3.0,8.0,13.0,2.0,10.0,3.0,17.0,3.0,,37%,4.0,,3.0,308.0,234.0,76%,15.0,Switzerland,https://media.api-sports.io/football/teams/15.png,5.0,7.0,20.0,8.0,8.0,12.0,13.0,7.0,3.0,63%,1.0,,2.0,535.0,455.0,85%
42,2,135803,1,1,1.0,Belgium,https://media.api-sports.io/football/teams/1.png,12.0,8.0,23.0,3.0,15.0,8.0,12.0,5.0,3.0,49%,,,3.0,445.0,374.0,84%,28.0,Tunisia,https://media.api-sports.io/football/teams/28.png,5.0,8.0,16.0,3.0,5.0,11.0,13.0,2.0,3.0,51%,1.0,,6.0,452.0,367.0,81%
43,2,135804,1,1,17.0,South Korea,https://media.api-sports.io/football/teams/17.png,6.0,2.0,17.0,9.0,6.0,11.0,24.0,7.0,,41%,4.0,,3.0,344.0,279.0,81%,16.0,Mexico,https://media.api-sports.io/football/teams/16.png,5.0,7.0,13.0,1.0,7.0,6.0,7.0,5.0,,59%,,,5.0,476.0,415.0,87%
44,2,135805,1,1,25.0,Germany,https://media.api-sports.io/football/teams/25.png,6.0,5.0,18.0,7.0,11.0,7.0,12.0,8.0,5.0,75%,2.0,1.0,4.0,676.0,600.0,89%,5.0,Sweden,https://media.api-sports.io/football/teams/5.png,5.0,1.0,7.0,1.0,6.0,1.0,13.0,3.0,2.0,25%,2.0,,4.0,222.0,154.0,69%
45,2,135806,1,1,10.0,England,https://media.api-sports.io/football/teams/10.png,7.0,2.0,11.0,2.0,7.0,4.0,13.0,3.0,3.0,59%,1.0,,1.0,594.0,547.0,92%,11.0,Panama,https://media.api-sports.io/football/teams/11.png,2.0,5.0,8.0,1.0,4.0,4.0,13.0,2.0,,41%,3.0,,1.0,393.0,348.0,89%
46,2,135807,1,1,12.0,Japan,https://media.api-sports.io/football/teams/12.png,3.0,2.0,7.0,2.0,5.0,2.0,8.0,2.0,2.0,56%,2.0,,5.0,462.0,369.0,80%,13.0,Senegal,https://media.api-sports.io/football/teams/13.png,7.0,5.0,15.0,3.0,11.0,4.0,15.0,5.0,4.0,44%,3.0,,1.0,339.0,257.0,76%
47,2,135808,1,1,24.0,Poland,https://media.api-sports.io/football/teams/24.png,2.0,2.0,9.0,5.0,6.0,3.0,15.0,7.0,1.0,45%,2.0,,,421.0,321.0,76%,8.0,Colombia,https://media.api-sports.io/football/teams/8.png,4.0,5.0,13.0,4.0,5.0,8.0,10.0,5.0,1.0,55%,,,2.0,505.0,420.0,83%
48,2,135809,1,1,7.0,Uruguay,https://media.api-sports.io/football/teams/7.png,6.0,6.0,16.0,4.0,8.0,9.0,17.0,4.0,,57%,1.0,,1.0,492.0,415.0,84%,4.0,Russia,https://media.api-sports.io/football/teams/4.png,1.0,1.0,3.0,1.0,2.0,1.0,18.0,2.0,2.0,43%,3.0,1.0,4.0,356.0,281.0,79%
49,2,135810,1,1,23.0,Saudi Arabia,https://media.api-sports.io/football/teams/23.png,8.0,10.0,23.0,5.0,11.0,12.0,7.0,7.0,1.0,64%,,,,647.0,582.0,90%,32.0,Egypt,https://media.api-sports.io/football/teams/32.png,1.0,5.0,7.0,1.0,3.0,4.0,16.0,2.0,3.0,36%,2.0,,6.0,362.0,289.0,80%
50,2,135811,1,1,22.0,Iran,https://media.api-sports.io/football/teams/22.png,2.0,4.0,7.0,1.0,3.0,4.0,16.0,1.0,1.0,26%,2.0,,3.0,213.0,139.0,65%,27.0,Portugal,https://media.api-sports.io/football/teams/27.png,4.0,7.0,14.0,3.0,5.0,9.0,11.0,5.0,1.0,74%,4.0,,1.0,608.0,528.0,87%
51,2,135812,1,1,9.0,Spain,https://media.api-sports.io/football/teams/9.png,5.0,12.0,18.0,1.0,13.0,5.0,5.0,7.0,1.0,74%,,,1.0,742.0,678.0,91%,31.0,Morocco,https://media.api-sports.io/football/teams/31.png,3.0,2.0,6.0,1.0,4.0,2.0,17.0,1.0,1.0,26%,6.0,,2.0,245.0,189.0,77%
52,2,135813,1,1,21.0,Denmark,https://media.api-sports.io/football/teams/21.png,2.0,1.0,5.0,2.0,1.0,4.0,10.0,4.0,1.0,32%,1.0,,3.0,322.0,228.0,71%,2.0,France,https://media.api-sports.io/football/teams/2.png,3.0,7.0,11.0,1.0,4.0,7.0,10.0,2.0,1.0,68%,,,2.0,657.0,574.0,87%
53,2,135814,1,1,20.0,Australia,https://media.api-sports.io/football/teams/20.png,2.0,7.0,14.0,5.0,9.0,5.0,14.0,8.0,3.0,57%,4.0,,1.0,526.0,459.0,87%,30.0,Peru,https://media.api-sports.io/football/teams/30.png,3.0,1.0,4.0,,3.0,1.0,12.0,3.0,1.0,43%,2.0,,2.0,409.0,329.0,80%
54,2,135815,1,1,19.0,Nigeria,https://media.api-sports.io/football/teams/19.png,3.0,5.0,9.0,1.0,4.0,5.0,20.0,3.0,,33%,2.0,,2.0,283.0,186.0,66%,26.0,Argentina,https://media.api-sports.io/football/teams/26.png,4.0,2.0,8.0,2.0,7.0,1.0,15.0,5.0,2.0,67%,3.0,,2.0,572.0,471.0,82%
55,2,135816,1,1,18.0,Iceland,https://media.api-sports.io/football/teams/18.png,6.0,8.0,16.0,2.0,12.0,4.0,10.0,10.0,1.0,38%,3.0,,,314.0,226.0,72%,3.0,Croatia,https://media.api-sports.io/football/teams/3.png,2.0,8.0,14.0,4.0,4.0,10.0,11.0,5.0,2.0,62%,2.0,,5.0,518.0,447.0,86%
56,2,135817,1,1,17.0,South Korea,https://media.api-sports.io/football/teams/17.png,5.0,5.0,12.0,2.0,4.0,8.0,16.0,3.0,,26%,4.0,,6.0,248.0,174.0,70%,25.0,Germany,https://media.api-sports.io/football/teams/25.png,6.0,13.0,28.0,9.0,20.0,8.0,7.0,9.0,1.0,74%,,,3.0,698.0,625.0,90%
57,2,135818,1,1,16.0,Mexico,https://media.api-sports.io/football/teams/16.png,3.0,8.0,20.0,9.0,10.0,10.0,14.0,7.0,2.0,66%,3.0,,3.0,472.0,389.0,82%,5.0,Sweden,https://media.api-sports.io/football/teams/5.png,5.0,9.0,15.0,1.0,13.0,3.0,11.0,3.0,,34%,2.0,,3.0,241.0,147.0,61%
58,2,135819,1,1,14.0,Serbia,https://media.api-sports.io/football/teams/14.png,2.0,5.0,10.0,3.0,6.0,4.0,13.0,5.0,2.0,42%,3.0,,4.0,442.0,351.0,79%,6.0,Brazil,https://media.api-sports.io/football/teams/6.png,6.0,3.0,14.0,5.0,10.0,4.0,7.0,9.0,4.0,58%,,,1.0,632.0,543.0,86%
59,2,135820,1,1,15.0,Switzerland,https://media.api-sports.io/football/teams/15.png,3.0,6.0,13.0,4.0,8.0,5.0,9.0,6.0,1.0,62%,3.0,,5.0,565.0,489.0,87%,29.0,Costa Rica,https://media.api-sports.io/football/teams/29.png,6.0,6.0,14.0,2.0,9.0,6.0,14.0,5.0,1.0,38%,3.0,,1.0,341.0,268.0,79%
60,2,135821,1,1,12.0,Japan,https://media.api-sports.io/football/teams/12.png,3.0,4.0,10.0,3.0,7.0,3.0,11.0,5.0,1.0,54%,1.0,,2.0,541.0,470.0,87%,24.0,Poland,https://media.api-sports.io/football/teams/24.png,2.0,5.0,11.0,4.0,7.0,4.0,8.0,7.0,,46%,,,3.0,457.0,382.0,84%
61,2,135822,1,1,13.0,Senegal,https://media.api-sports.io/football/teams/13.png,3.0,4.0,7.0,,4.0,3.0,15.0,1.0,3.0,40%,1.0,,1.0,303.0,223.0,74%,8.0,Colombia,https://media.api-sports.io/football/teams/8.png,2.0,1.0,4.0,1.0,3.0,1.0,15.0,3.0,3.0,60%,1.0,,4.0,432.0,352.0,81%
62,2,135823,1,1,10.0,England,https://media.api-sports.io/football/teams/10.png,2.0,6.0,11.0,3.0,6.0,5.0,11.0,7.0,3.0,46%,,,2.0,467.0,410.0,88%,1.0,Belgium,https://media.api-sports.io/football/teams/1.png,4.0,3.0,14.0,7.0,9.0,5.0,14.0,2.0,1.0,54%,2.0,,1.0,547.0,477.0,87%
63,2,135824,1,1,11.0,Panama,https://media.api-sports.io/football/teams/11.png,4.0,4.0,9.0,1.0,6.0,4.0,18.0,,4.0,30%,3.0,,4.0,277.0,206.0,74%,28.0,Tunisia,https://media.api-sports.io/football/teams/28.png,6.0,5.0,14.0,3.0,11.0,3.0,19.0,6.0,1.0,70%,3.0,,4.0,618.0,530.0,86%
64,0,208313,1,1,,,,,,,,,,,,,,,,,,,,,,,,,,,,,,,,,,,,,,
65,0,208314,1,1,,,,,,,,,,,,,,,,,,,,,,,,,,,,,,,,,,,,,,
66,0,208315,1,1,,,,,,,,,,,,,,,,,,,,,,,,,,,,,,,,,,,,,,
67,0,208316,1,1,,,,,,,,,,,,,,,,,,,,,,,,,,,,,,,,,,,,,,
68,0,208317,1,1,,,,,,,,,,,,,,,,,,,,,,,,,,,,,,,,,,,,,,
69,0,208318,1,1,,,,,,,,,,,,,,,,,,,,,,,,,,,,,,,,,,,,,,
70,0,208319,1,1,,,,,,,,,,,,,,,,,,,,,,,,,,,,,,,,,,,,,,
71,0,208320,1,1,,,,,,,,,,,,,,,,,,,,,,,,,,,,,,,,,,,,,,
72,0,208321,1,1,,,,,,,,,,,,,,,,,,,,,,,,,,,,,,,,,,,,,,
73,0,208322,1,1,,,,,,,,,,,,,,,,,,,,,,,,,,,,,,,,,,,,,,
74,0,208323,1,1,,,,,,,,,,,,,,,,,,,,,,,,,,,,,,,,,,,,,,
75,0,208324,1,1,,,,,,,,,,,,,,,,,,,,,,,,,,,,,,,,,,,,,,
76,0,208325,1,1,,,,,,,,,,,,,,,,,,,,,,,,,,,,,,,,,,,,,,
77,0,208326,1,1,,,,,,,,,,,,,,,,,,,,,,,,,,,,,,,,,,,,,,
78,0,208327,1,1,,,,,,,,,,,,,,,,,,,,,,,,,,,,,,,,,,,,,,
79,0,208328,1,1,,,,,,,,,,,,,,,,,,,,,,,,,,,,,,,,,,,,,,
80,0,208329,1,1,,,,,,,,,,,,,,,,,,,,,,,,,,,,,,,,,,,,,,
81,0,208330,1,1,,,,,,,,,,,,,,,,,,,,,,,,,,,,,,,,,,,,,,
82,0,208331,1,1,,,,,,,,,,,,,,,,,,,,,,,,,,,,,,,,,,,,,,
83,0,208332,1,1,,,,,,,,,,,,,,,,,,,,,,,,,,,,,,,,,,,,,,
84,0,208333,1,1,,,,,,,,,,,,,,,,,,,,,,,,,,,,,,,,,,,,,,
85,0,208334,1,1,,,,,,,,,,,,,,,,,,,,,,,,,,,,,,,,,,,,,,
86,0,208335,1,1,,,,,,,,,,,,,,,,,,,,,,,,,,,,,,,,,,,,,,
87,0,208336,1,1,,,,,,,,,,,,,,,,,,,,,,,,,,,,,,,,,,,,,,
88,0,208337,1,1,,,,,,,,,,,,,,,,,,,,,,,,,,,,,,,,,,,,,,
89,0,208338,1,1,,,,,,,,,,,,,,,,,,,,,,,,,,,,,,,,,,,,,,
90,0,208339,1,1,,,,,,,,,,,,,,,,,,,,,,,,,,,,,,,,,,,,,,
91,0,208340,1,1,,,,,,,,,,,,,,,,,,,,,,,,,,,,,,,,,,,,,,
92,0,208341,1,1,,,,,,,,,,,,,,,,,,,,,,,,,,,,,,,,,,,,,,
93,0,208342,1,1,,,,,,,,,,,,,,,,,,,,,,,,,,,,,,,,,,,,,,
94,0,208343,1,1,,,,,,,,,,,,,,,,,,,,,,,,,,,,,,,,,,,,,,
95,0,208344,1,1,,,,,,,,,,,,,,,,,,,,,,,,,,,,,,,,,,,,,,
96,0,208345,1,1,,,,,,,,,,,,,,,,,,,,,,,,,,,,,,,,,,,,,,
97,0,208346,1,1,,,,,,,,,,,,,,,,,,,,,,,,,,,,,,,,,,,,,,
98,0,208347,1,1,,,,,,,,,,,,,,,,,,,,,,,,,,,,,,,,,,,,,,
99,0,208348,1,1,,,,,,,,,,,,,,,,,,,,,,,,,,,,,,,,,,,,,,
100,0,208349,1,1,,,,,,,,,,,,,,,,,,,,,,,,,,,,,,,,,,,,,,
101,0,208350,1,1,,,,,,,,,,,,,,,,,,,,,,,,,,,,,,,,,,,,,,
102,0,208351,1,1,,,,,,,,,,,,,,,,,,,,,,,,,,,,,,,,,,,,,,
103,0,208352,1,1,,,,,,,,,,,,,,,,,,,,,,,,,,,,,,,,,,,,,,
104,0,208353,1,1,,,,,,,,,,,,,,,,,,,,,,,,,,,,,,,,,,,,,,
105,0,208354,1,1,,,,,,,,,,,,,,,,,,,,,,,,,,,,,,,,,,,,,,
106,0,208355,1,1,,,,,,,,,,,,,,,,,,,,,,,,,,,,,,,,,,,,,,
107,0,208356,1,1,,,,,,,,,,,,,,,,,,,,,,,,,,,,,,,,,,,,,,
108,0,208357,1,1,,,,,,,,,,,,,,,,,,,,,,,,,,,,,,,,,,,,,,
109,0,208358,1,1,,,,,,,,,,,,,,,,,,,,,,,,,,,,,,,,,,,,,,
110,0,208359,1,1,,,,,,,,,,,,,,,,,,,,,,,,,,,,,,,,,,,,,,
111,0,208360,1,1,,,,,,,,,,,,,,,,,,,,,,,,,,,,,,,,,,,,,,
112,0,208361,1,1,,,,,,,,,,,,,,,,,,,,,,,,,,,,,,,,,,,,,,
113,0,208362,1,1,,,,,,,,,,,,,,,,,,,,,,,,,,,,,,,,,,,,,,
114,0,208363,1,1,,,,,,,,,,,,,,,,,,,,,,,,,,,,,,,,,,,,,,
115,0,208364,1,1,,,,,,,,,,,,,,,,,,,,,,,,,,,,,,,,,,,,,,
116,0,208365,1,1,,,,,,,,,,,,,,,,,,,,,,,,,,,,,,,,,,,,,,
117,0,208366,1,1,,,,,,,,,,,,,,,,,,,,,,,,,,,,,,,,,,,,,,
118,0,208367,1,1,,,,,,,,,,,,,,,,,,,,,,,,,,,,,,,,,,,,,,
119,0,208368,1,1,,,,,,,,,,,,,,,,,,,,,,,,,,,,,,,,,,,,,,
120,0,208369,1,1,,,,,,,,,,,,,,,,,,,,,,,,,,,,,,,,,,,,,,
121,0,208370,1,1,,,,,,,,,,,,,,,,,,,,,,,,,,,,,,,,,,,,,,
122,0,208371,1,1,,,,,,,,,,,,,,,,,,,,,,,,,,,,,,,,,,,,,,
123,0,208372,1,1,,,,,,,,,,,,,,,,,,,,,,,,,,,,,,,,,,,,,,
124,0,208373,1,1,,,,,,,,,,,,,,,,,,,,,,,,,,,,,,,,,,,,,,
125,0,208374,1,1,,,,,,,,,,,,,,,,,,,,,,,,,,,,,,,,,,,,,,
126,0,208375,1,1,,,,,,,,,,,,,,,,,,,,,,,,,,,,,,,,,,,,,,
127,0,208376,1,1,,,,,,,,,,,,,,,,,,,,,,,,,,,,,,,,,,,,,,
128,0,208377,1,1,,,,,,,,,,,,,,,,,,,,,,,,,,,,,,,,,,,,,,
129,0,208378,1,1,,,,,,,,,,,,,,,,,,,,,,,,,,,,,,,,,,,,,,
130,0,208379,1,1,,,,,,,,,,,,,,,,,,,,,,,,,,,,,,,,,,,,,,
131,0,208380,1,1,,,,,,,,,,,,,,,,,,,,,,,,,,,,,,,,,,,,,,
132,0,208381,1,1,,,,,,,,,,,,,,,,,,,,,,,,,,,,,,,,,,,,,,
133,0,208382,1,1,,,,,,,,,,,,,,,,,,,,,,,,,,,,,,,,,,,,,,
134,0,208383,1,1,,,,,,,,,,,,,,,,,,,,,,,,,,,,,,,,,,,,,,
135,0,208384,1,1,,,,,,,,,,,,,,,,,,,,,,,,,,,,,,,,,,,,,,
136,0,208385,1,1,,,,,,,,,,,,,,,,,,,,,,,,,,,,,,,,,,,,,,
137,0,208386,1,1,,,,,,,,,,,,,,,,,,,,,,,,,,,,,,,,,,,,,,
138,0,208387,1,1,,,,,,,,,,,,,,,,,,,,,,,,,,,,,,,,,,,,,,
139,0,208388,1,1,,,,,,,,,,,,,,,,,,,,,,,,,,,,,,,,,,,,,,
140,0,208389,1,1,,,,,,,,,,,,,,,,,,,,,,,,,,,,,,,,,,,,,,
141,0,208390,1,1,,,,,,,,,,,,,,,,,,,,,,,,,,,,,,,,,,,,,,
142,0,208391,1,1,,,,,,,,,,,,,,,,,,,,,,,,,,,,,,,,,,,,,,
143,0,208392,1,1,,,,,,,,,,,,,,,,,,,,,,,,,,,,,,,,,,,,,,
144,0,208393,1,1,,,,,,,,,,,,,,,,,,,,,,,,,,,,,,,,,,,,,,
145,0,208394,1,1,,,,,,,,,,,,,,,,,,,,,,,,,,,,,,,,,,,,,,
146,0,208395,1,1,,,,,,,,,,,,,,,,,,,,,,,,,,,,,,,,,,,,,,
147,0,208396,1,1,,,,,,,,,,,,,,,,,,,,,,,,,,,,,,,,,,,,,,
148,0,208397,1,1,,,,,,,,,,,,,,,,,,,,,,,,,,,,,,,,,,,,,,
149,0,208398,1,1,,,,,,,,,,,,,,,,,,,,,,,,,,,,,,,,,,,,,,
150,0,208399,1,1,,,,,,,,,,,,,,,,,,,,,,,,,,,,,,,,,,,,,,
151,0,208400,1,1,,,,,,,,,,,,,,,,,,,,,,,,,,,,,,,,,,,,,,
152,0,208401,1,1,,,,,,,,,,,,,,,,,,,,,,,,,,,,,,,,,,,,,,
153,0,208402,1,1,,,,,,,,,,,,,,,,,,,,,,,,,,,,,,,,,,,,,,
154,0,208403,1,1,,,,,,,,,,,,,,,,,,,,,,,,,,,,,,,,,,,,,,
155,0,208404,1,1,,,,,,,,,,,,,,,,,,,,,,,,,,,,,,,,,,,,,,
156,0,208405,1,1,,,,,,,,,,,,,,,,,,,,,,,,,,,,,,,,,,,,,,
157,0,208406,1,1,,,,,,,,,,,,,,,,,,,,,,,,,,,,,,,,,,,,,,
158,0,208407,1,1,,,,,,,,,,,,,,,,,,,,,,,,,,,,,,,,,,,,,,
159,0,208408,1,1,,,,,,,,,,,,,,,,,,,,,,,,,,,,,,,,,,,,,,
160,0,208409,1,1,,,,,,,,,,,,,,,,,,,,,,,,,,,,,,,,,,,,,,
161,0,208410,1,1,,,,,,,,,,,,,,,,,,,,,,,,,,,,,,,,,,,,,,
162,0,208411,1,1,,,,,,,,,,,,,,,,,,,,,,,,,,,,,,,,,,,,,,
163,0,208412,1,1,,,,,,,,,,,,,,,,,,,,,,,,,,,,,,,,,,,,,,
164,0,208413,1,1,,,,,,,,,,,,,,,,,,,,,,,,,,,,,,,,,,,,,,
165,0,208414,1,1,,,,,,,,,,,,,,,,,,,,,,,,,,,,,,,,,,,,,,
166,0,208415,1,1,,,,,,,,,,,,,,,,,,,,,,,,,,,,,,,,,,,,,,
167,0,208416,1,1,,,,,,,,,,,,,,,,,,,,,,,,,,,,,,,,,,,,,,
168,0,208417,1,1,,,,,,,,,,,,,,,,,,,,,,,,,,,,,,,,,,,,,,
169,0,208418,1,1,,,,,,,,,,,,,,,,,,,,,,,,,,,,,,,,,,,,,,
170,0,208419,1,1,,,,,,,,,,,,,,,,,,,,,,,,,,,,,,,,,,,,,,
171,0,208420,1,1,,,,,,,,,,,,,,,,,,,,,,,,,,,,,,,,,,,,,,
172,0,208421,1,1,,,,,,,,,,,,,,,,,,,,,,,,,,,,,,,,,,,,,,
173,0,208422,1,1,,,,,,,,,,,,,,,,,,,,,,,,,,,,,,,,,,,,,,
174,0,208423,1,1,,,,,,,,,,,,,,,,,,,,,,,,,,,,,,,,,,,,,,
175,0,208424,1,1,,,,,,,,,,,,,,,,,,,,,,,,,,,,,,,,,,,,,,
176,0,208425,1,1,,,,,,,,,,,,,,,,,,,,,,,,,,,,,,,,,,,,,,
177,0,208426,1,1,,,,,,,,,,,,,,,,,,,,,,,,,,,,,,,,,,,,,,
178,0,208427,1,1,,,,,,,,,,,,,,,,,,,,,,,,,,,,,,,,,,,,,,
179,0,208428,1,1,,,,,,,,,,,,,,,,,,,,,,,,,,,,,,,,,,,,,,
180,0,208429,1,1,,,,,,,,,,,,,,,,,,,,,,,,,,,,,,,,,,,,,,
181,0,208430,1,1,,,,,,,,,,,,,,,,,,,,,,,,,,,,,,,,,,,,,,
182,0,208431,1,1,,,,,,,,,,,,,,,,,,,,,,,,,,,,,,,,,,,,,,
183,0,208432,1,1,,,,,,,,,,,,,,,,,,,,,,,,,,,,,,,,,,,,,,
184,0,208433,1,1,,,,,,,,,,,,,,,,,,,,,,,,,,,,,,,,,,,,,,
185,0,208434,1,1,,,,,,,,,,,,,,,,,,,,,,,,,,,,,,,,,,,,,,
186,0,208435,1,1,,,,,,,,,,,,,,,,,,,,,,,,,,,,,,,,,,,,,,
187,0,208436,1,1,,,,,,,,,,,,,,,,,,,,,,,,,,,,,,,,,,,,,,
188,0,208437,1,1,,,,,,,,,,,,,,,,,,,,,,,,,,,,,,,,,,,,,,
189,0,208438,1,1,,,,,,,,,,,,,,,,,,,,,,,,,,,,,,,,,,,,,,
190,0,208439,1,1,,,,,,,,,,,,,,,,,,,,,,,,,,,,,,,,,,,,,,
191,0,208440,1,1,,,,,,,,,,,,,,,,,,,,,,,,,,,,,,,,,,,,,,
