,get,errors,results,parameters.league,parameters.season,parameters.team,paging.current,paging.total,response.league.id,response.league.name,response.league.country,response.league.logo,response.league.flag,response.league.season,response.team.id,response.team.name,response.team.logo,response.form,response.fixtures.played.home,response.fixtures.played.away,response.fixtures.played.total,response.fixtures.wins.home,response.fixtures.wins.away,response.fixtures.wins.total,response.fixtures.draws.home,response.fixtures.draws.away,response.fixtures.draws.total,response.fixtures.loses.home,response.fixtures.loses.away,response.fixtures.loses.total,response.goals.for.total.home,response.goals.for.total.away,response.goals.for.total.total,response.goals.for.average.home,response.goals.for.average.away,response.goals.for.average.total,response.goals.for.minute.0-15.total,response.goals.for.minute.0-15.percentage,response.goals.for.minute.16-30.total,response.goals.for.minute.16-30.percentage,response.goals.for.minute.31-45.total,response.goals.for.minute.31-45.percentage,response.goals.for.minute.46-60.total,response.goals.for.minute.46-60.percentage,response.goals.for.minute.61-75.total,response.goals.for.minute.61-75.percentage,response.goals.for.minute.76-90.total,response.goals.for.minute.76-90.percentage,response.goals.for.minute.91-105.total,response.goals.for.minute.91-105.percentage,response.goals.for.minute.106-120.total,response.goals.for.minute.106-120.percentage,response.goals.against.total.home,response.goals.against.total.away,response.goals.against.total.total,response.goals.against.average.home,response.goals.against.average.away,response.goals.against.average.total,response.goals.against.minute.0-15.total,response.goals.against.minute.0-15.percentage,response.goals.against.minute.16-30.total,response.goals.against.minute.16-30.percentage,response.goals.against.minute.31-45.total,response.goals.against.minute.31-45.percentage,response.goals.against.minute.46-60.total,response.goals.against.minute.46-60.percentage,response.goals.against.minute.61-75.total,response.goals.against.minute.61-75.percentage,response.goals.against.minute.76-90.total,response.goals.against.minute.76-90.percentage,response.goals.against.minute.91-105.total,response.goals.against.minute.91-105.percentage,response.goals.against.minute.106-120.total,response.goals.against.minute.106-120.percentage,response.biggest.streak.wins,response.biggest.streak.draws,response.biggest.streak.loses,response.biggest.wins.home,response.biggest.wins.away,response.biggest.loses.home,response.biggest.loses.away,response.biggest.goals.for.home,response.biggest.goals.for.away,response.biggest.goals.against.home,response.biggest.goals.against.away,response.clean_sheet.home,response.clean_sheet.away,response.clean_sheet.total,response.failed_to_score.home,response.failed_to_score.away,response.failed_to_score.total,response.penalty.scored.total,response.penalty.scored.percentage,response.penalty.missed.total,response.penalty.missed.percentage,response.penalty.total,response.lineups,response.cards.yellow.0-15.total,response.cards.yellow.0-15.percentage,response.cards.yellow.16-30.total,response.cards.yellow.16-30.percentage,response.cards.yellow.31-45.total,response.cards.yellow.31-45.percentage,response.cards.yellow.46-60.total,response.cards.yellow.46-60.percentage,response.cards.yellow.61-75.total,response.cards.yellow.61-75.percentage,response.cards.yellow.76-90.total,response.cards.yellow.76-90.percentage,response.cards.yellow.91-105.total,response.cards.yellow.91-105.percentage,response.cards.yellow.106-120.total,response.cards.yellow.106-120.percentage,response.cards.red.0-15.total,response.cards.red.0-15.percentage,response.cards.red.16-30.total,response.cards.red.16-30.percentage,response.cards.red.31-45.total,response.cards.red.31-45.percentage,response.cards.red.46-60.total,response.cards.red.46-60.percentage,response.cards.red.61-75.total,response.cards.red.61-75.percentage,response.cards.red.76-90.total,response.cards.red.76-90.percentage,response.cards.red.91-105.total,response.cards.red.91-105.percentage,response.cards.red.106-120.total,response.cards.red.106-120.percentage,new_form,form_percentage
1,teams/statistics,[],11,1,2010,2,1,1,1,World Cup,World,https://media.api-sports.io/football/leagues/1.png,,2010,2,France,https://media.api-sports.io/football/teams/2.png,"['D', 'L', 'L']",2,1,3,0,0,0,0,1,1,2,0,2,1,0,1,0.5,0.0,0.3,,,,,,,,,1.0,100.00%,,,,,,,4,0,4,2.0,0.0,1.3,,,1.0,25.00%,1.0,25.00%,,,1.0,25.00%,1.0,25.00%,,,,,0,1,0,,,0-2,,1,0,2,0,0,1,1,1,1,2,0,0%,0,0%,0,[],,,,,,,,,,,,,,,,,,,,,,,,,,,,,,,,,"[0, 0, 0]",0.0
5,teams/statistics,[],11,1,2010,6,1,1,1,World Cup,World,https://media.api-sports.io/football/leagues/1.png,,2010,6,Brazil,https://media.api-sports.io/football/teams/6.png,"['W', 'W', 'D', 'W', 'L']",3,2,5,3,0,3,0,1,1,0,1,1,8,1,9,2.7,0.5,1.8,1.0,11.11%,1.0,11.11%,2.0,22.22%,3.0,33.33%,2.0,22.22%,,,,,,,2,2,4,0.7,1.0,0.8,,,,,,,1.0,25.00%,1.0,25.00%,2.0,50.00%,,,,,2,1,0,3-0,,,2-1,3,1,1,2,1,1,2,0,1,1,0,0%,0,0%,0,[],,,,,,,,,,,,,,,,,,,,,,,,,,,,,,,,,"[1, 1, 0, 1, 0]",0.6
6,teams/statistics,[],11,1,2010,7,1,1,1,World Cup,World,https://media.api-sports.io/football/leagues/1.png,,2010,7,Uruguay,https://media.api-sports.io/football/teams/7.png,"['D', 'W', 'W', 'W', 'D', 'L', 'L']",5,2,7,1,2,3,2,0,2,2,0,2,7,4,11,1.4,2.0,1.6,1.0,6.67%,2.0,13.33%,2.0,13.33%,2.0,13.33%,,,3.0,20.00%,1.0,6.67%,4.0,26.67%,8,0,8,1.6,0.0,1.1,,,2.0,20.00%,1.0,10.00%,1.0,10.00%,3.0,30.00%,1.0,10.00%,,,2.0,20.00%,3,1,0,2-1,0-3,2-3,,2,3,3,0,1,2,3,1,0,1,5,83.33%,1,16.67%,6,[],,,,,,,,,,,,,,,,,,,,,,,,,,,,,,,,,"[0, 1, 1, 1, 0, 0, 0]",0.43
8,teams/statistics,[],11,1,2010,9,1,1,1,World Cup,World,https://media.api-sports.io/football/leagues/1.png,,2010,9,Spain,https://media.api-sports.io/football/teams/9.png,"['L', 'W', 'W', 'W', 'W', 'W', 'W']",3,4,7,2,4,6,0,0,0,1,0,1,3,5,8,1.0,1.3,1.1,,,2.0,25.00%,1.0,12.50%,1.0,12.50%,2.0,25.00%,1.0,12.50%,,,1.0,12.50%,1,1,2,0.3,0.3,0.3,,,,,,,2.0,100.00%,,,,,,,,,0,0,1,2-0,1-2,0-1,,2,2,1,1,2,3,5,1,0,1,0,0%,0,0%,0,[],,,,,,,,,,,,,,,,,,,,,,,,,,,,,,,,,"[0, 1, 1, 1, 1, 1, 1]",0.86
9,teams/statistics,[],11,1,2010,10,1,1,1,World Cup,World,https://media.api-sports.io/football/leagues/1.png,,2010,10,England,https://media.api-sports.io/football/teams/10.png,"['D', 'D', 'W', 'L']",2,2,4,0,1,1,2,0,2,0,1,1,1,2,3,0.5,1.0,0.8,1.0,33.33%,1.0,33.33%,1.0,33.33%,,,,,,,,,,,1,4,5,0.5,2.0,1.3,,,1.0,20.00%,2.0,40.00%,,,2.0,40.00%,,,,,,,1,2,0,,0-1,,4-1,1,1,1,4,1,1,2,1,0,1,0,0%,0,0%,0,[],,,,,,,,,,,,,,,,,,,,,,,,,,,,,,,,,"[0, 0, 1, 0]",0.25
11,teams/statistics,[],11,1,2010,12,1,1,1,World Cup,World,https://media.api-sports.io/football/leagues/1.png,,2010,12,Japan,https://media.api-sports.io/football/teams/12.png,"['W', 'L', 'W', 'D']",1,3,4,1,1,2,0,1,1,0,1,1,1,3,4,1.0,1.0,1.0,,,2.0,28.57%,1.0,14.29%,,,,,1.0,14.29%,,,3.0,42.86%,0,2,2,0.0,0.7,0.5,,,,,,,1.0,14.29%,,,1.0,14.29%,,,5.0,71.43%,1,0,1,1-0,1-3,,1-0,1,3,0,1,1,1,2,0,2,2,3,75.00%,1,25.00%,4,[],,,,,,,,,,,,,,,,,,,,,,,,,,,,,,,,,"[1, 0, 1, 0]",0.5
13,teams/statistics,[],11,1,2010,14,1,1,1,World Cup,World,https://media.api-sports.io/football/leagues/1.png,,2010,14,Serbia,https://media.api-sports.io/football/teams/14.png,"['L', 'W', 'L']",1,2,3,0,1,1,0,0,0,1,1,2,0,2,2,0.0,1.0,0.7,,,,,1.0,50.00%,,,,,1.0,50.00%,,,,,1,2,3,1.0,1.0,1.0,,,,,,,,,2.0,66.67%,1.0,33.33%,,,,,1,0,1,,0-1,0-1,2-1,0,1,1,2,0,1,1,1,0,1,0,0%,0,0%,0,[],,,,,,,,,,,,,,,,,,,,,,,,,,,,,,,,,"[0, 1, 0]",0.33
14,teams/statistics,[],11,1,2010,15,1,1,1,World Cup,World,https://media.api-sports.io/football/leagues/1.png,,2010,15,Switzerland,https://media.api-sports.io/football/teams/15.png,"['W', 'L', 'D']",1,2,3,0,1,1,1,0,1,0,1,1,0,1,1,0.0,0.5,0.3,,,,,,,1.0,100.00%,,,,,,,,,0,1,1,0.0,0.5,0.3,,,,,,,,,1.0,100.00%,,,,,,,1,0,1,,0-1,,1-0,0,1,0,1,1,1,2,1,1,2,0,0%,0,0%,0,[],,,,,,,,,,,,,,,,,,,,,,,,,,,,,,,,,"[1, 0, 0]",0.33
15,teams/statistics,[],11,1,2010,16,1,1,1,World Cup,World,https://media.api-sports.io/football/leagues/1.png,,2010,16,Mexico,https://media.api-sports.io/football/teams/16.png,"['D', 'W', 'L', 'L']",1,3,4,0,1,1,0,1,1,1,1,2,0,4,4,0.0,1.3,1.0,,,,,,,,,2.0,50.00%,2.0,50.00%,,,,,1,4,5,1.0,1.3,1.3,,,1.0,20.00%,2.0,40.00%,2.0,40.00%,,,,,,,,,1,1,0,,0-2,0-1,3-1,0,2,1,3,0,1,1,1,0,1,1,100.00%,0,0%,1,[],,,,,,,,,,,,,,,,,,,,,,,,,,,,,,,,,"[0, 1, 0, 0]",0.25
16,teams/statistics,[],11,1,2010,17,1,1,1,World Cup,World,https://media.api-sports.io/football/leagues/1.png,,2010,17,South Korea,https://media.api-sports.io/football/teams/17.png,"['W', 'L', 'D', 'L']",1,3,4,1,0,1,0,1,1,0,2,2,2,4,6,2.0,1.3,1.5,1.0,14.29%,1.0,14.29%,2.0,28.57%,2.0,28.57%,1.0,14.29%,,,,,,,0,8,8,0.0,2.7,2.0,2.0,28.57%,,,1.0,14.29%,,,1.0,14.29%,3.0,42.86%,,,,,1,1,1,2-0,,,4-1,2,2,0,4,1,0,1,0,0,0,0,0%,0,0%,0,[],,,,,,,,,,,,,,,,,,,,,,,,,,,,,,,,,"[1, 0, 0, 0]",0.25
18,teams/statistics,[],11,1,2010,19,1,1,1,World Cup,World,https://media.api-sports.io/football/leagues/1.png,,2010,19,Nigeria,https://media.api-sports.io/football/teams/19.png,"['L', 'L', 'D']",1,2,3,0,0,0,1,0,1,0,2,2,2,1,3,2.0,0.5,1.0,1.0,33.33%,1.0,33.33%,,,,,1.0,33.33%,,,,,,,2,3,5,2.0,1.5,1.7,1.0,20.00%,,,2.0,40.00%,1.0,20.00%,1.0,20.00%,,,,,,,0,0,2,,,,2-1,2,1,2,2,0,0,0,0,1,1,1,100.00%,0,0%,1,[],,,,,,,,,,,,,,,,,,,,,,,,,,,,,,,,,"[0, 0, 0]",0.0
19,teams/statistics,[],11,1,2010,20,1,1,1,World Cup,World,https://media.api-sports.io/football/leagues/1.png,,2010,20,Australia,https://media.api-sports.io/football/teams/20.png,"['L', 'D', 'W']",1,2,3,1,0,1,0,1,1,0,1,1,2,1,3,2.0,0.5,1.0,1.0,33.33%,,,,,,,2.0,66.67%,,,,,,,1,5,6,1.0,2.5,2.0,1.0,16.67%,2.0,33.33%,,,,,2.0,33.33%,1.0,16.67%,,,,,0,1,1,2-1,,,4-0,2,1,1,4,0,0,0,0,1,1,0,0%,0,0%,0,[],,,,,,,,,,,,,,,,,,,,,,,,,,,,,,,,,"[0, 0, 1]",0.33
20,teams/statistics,[],11,1,2010,21,1,1,1,World Cup,World,https://media.api-sports.io/football/leagues/1.png,,2010,21,Denmark,https://media.api-sports.io/football/teams/21.png,"['L', 'W', 'L']",1,2,3,0,1,1,0,0,0,1,1,2,1,2,3,1.0,1.0,1.0,,,,,1.0,25.00%,1.0,25.00%,1.0,25.00%,1.0,25.00%,,,,,3,3,6,3.0,1.5,2.0,1.0,20.00%,2.0,40.00%,,,,,,,2.0,40.00%,,,,,1,0,1,,1-2,1-3,2-0,1,2,3,2,0,0,0,0,1,1,0,0%,0,0%,0,[],,,,,,,,,,,,,,,,,,,,,,,,,,,,,,,,,"[0, 1, 0]",0.33
24,teams/statistics,[],11,1,2010,25,1,1,1,World Cup,World,https://media.api-sports.io/football/leagues/1.png,,2010,25,Germany,https://media.api-sports.io/football/teams/25.png,"['W', 'L', 'W', 'W', 'W', 'L', 'W']",4,3,7,2,3,5,0,0,0,2,0,2,8,8,16,2.0,2.7,2.3,2.0,12.50%,3.0,18.75%,1.0,6.25%,2.0,12.50%,6.0,37.50%,2.0,12.50%,,,,,3,2,5,0.8,0.7,0.7,,,1.0,20.00%,2.0,40.00%,1.0,20.00%,1.0,20.00%,,,,,,,3,0,1,4-0,0-4,0-1,,4,4,1,2,1,2,3,2,0,2,0,0%,0,0%,0,[],,,,,,,,,,,,,,,,,,,,,,,,,,,,,,,,,"[1, 0, 1, 1, 1, 0, 1]",0.71
25,teams/statistics,[],11,1,2010,26,1,1,1,World Cup,World,https://media.api-sports.io/football/leagues/1.png,,2010,26,Argentina,https://media.api-sports.io/football/teams/26.png,"['W', 'W', 'W', 'W', 'L']",4,1,5,3,1,4,0,0,0,1,0,1,8,2,10,2.0,2.0,2.0,1.0,11.11%,1.0,11.11%,2.0,22.22%,1.0,11.11%,,,4.0,44.44%,,,,,6,0,6,1.5,0.0,1.2,1.0,14.29%,1.0,14.29%,1.0,14.29%,,,3.0,42.86%,1.0,14.29%,,,,,4,0,0,4-1,0-2,0-4,,4,2,4,0,1,1,2,1,0,1,0,0%,0,0%,0,[],,,,,,,,,,,,,,,,,,,,,,,,,,,,,,,,,"[1, 1, 1, 1, 0]",0.8
26,teams/statistics,[],11,1,2010,27,1,1,1,World Cup,World,https://media.api-sports.io/football/leagues/1.png,,2010,27,Portugal,https://media.api-sports.io/football/teams/27.png,"['D', 'W', 'D', 'L']",2,2,4,1,0,1,1,1,2,0,1,1,7,0,7,3.5,0.0,1.8,,,1.0,14.29%,,,3.0,42.86%,,,3.0,42.86%,,,,,0,1,1,0.0,0.5,0.3,,,,,,,,,1.0,100.00%,,,,,,,1,1,0,7-0,,,1-0,7,0,0,1,2,1,3,1,2,3,0,0%,0,0%,0,[],,,,,,,,,,,,,,,,,,,,,,,,,,,,,,,,,"[0, 1, 0, 0]",0.25
32,teams/statistics,[],11,1,2014,1,1,1,1,World Cup,World,https://media.api-sports.io/football/leagues/1.png,,2014,1,Belgium,https://media.api-sports.io/football/teams/1.png,"['W', 'W', 'W', 'W', 'L']",3,2,5,3,1,4,0,0,0,0,1,1,5,1,6,1.7,0.5,1.2,,,,,,,,,1.0,16.67%,3.0,50.00%,2.0,33.33%,,,2,1,3,0.7,0.5,0.6,1.0,33.33%,1.0,33.33%,,,,,,,,,,,1.0,33.33%,4,0,0,2-1,0-1,,1-0,2,1,1,1,1,1,2,0,1,1,0,0%,0,0%,0,[],,,,,,,,,,,,,,,,,,,,,,,,,,,,,,,,,"[1, 1, 1, 1, 0]",0.8
33,teams/statistics,[],11,1,2014,2,1,1,1,World Cup,World,https://media.api-sports.io/football/leagues/1.png,,2014,2,France,https://media.api-sports.io/football/teams/2.png,"['W', 'W', 'D', 'W', 'L']",3,2,5,2,1,3,0,1,1,1,0,1,5,5,10,1.7,2.5,2.0,,,2.0,25.00%,2.0,25.00%,,,3.0,37.50%,1.0,12.50%,,,,,1,2,3,0.3,1.0,0.6,1.0,20.00%,,,,,1.0,20.00%,,,2.0,40.00%,1.0,20.00%,,,2,1,0,3-0,2-5,0-1,,3,5,1,2,2,1,3,1,1,2,1,100.00%,0,0%,1,[],,,,,,,,,,,,,,,,,,,,,,,,,,,,,,,,,"[1, 1, 0, 1, 0]",0.6
34,teams/statistics,[],11,1,2014,3,1,1,1,World Cup,World,https://media.api-sports.io/football/leagues/1.png,,2014,3,Croatia,https://media.api-sports.io/football/teams/3.png,"['L', 'W', 'L']",1,2,3,0,1,1,0,0,0,1,1,2,1,5,6,1.0,2.5,2.0,1.0,20.00%,,,,,1.0,20.00%,2.0,40.00%,1.0,20.00%,,,,,3,3,6,3.0,1.5,2.0,1.0,14.29%,1.0,14.29%,,,,,3.0,42.86%,1.0,14.29%,1.0,14.29%,,,1,0,1,,0-4,1-3,3-1,1,4,3,3,0,1,1,0,0,0,0,0%,0,0%,0,[],,,,,,,,,,,,,,,,,,,,,,,,,,,,,,,,,"[0, 1, 0]",0.33
35,teams/statistics,[],11,1,2014,4,1,1,1,World Cup,World,https://media.api-sports.io/football/leagues/1.png,,2014,4,Russia,https://media.api-sports.io/football/teams/4.png,"['D', 'L', 'D']",1,2,3,0,0,0,1,1,2,0,1,1,1,1,2,1.0,0.5,0.7,1.0,50.00%,,,,,,,1.0,50.00%,,,,,,,1,2,3,1.0,1.0,1.0,,,,,,,1.0,33.33%,1.0,33.33%,1.0,33.33%,,,,,0,1,1,,,,1-0,1,1,1,1,0,0,0,0,1,1,0,0%,0,0%,0,[],,,,,,,,,,,,,,,,,,,,,,,,,,,,,,,,,"[0, 0, 0]",0.0
37,teams/statistics,[],11,1,2014,6,1,1,1,World Cup,World,https://media.api-sports.io/football/leagues/1.png,,2014,6,Brazil,https://media.api-sports.io/football/teams/6.png,"['W', 'D', 'W', 'D', 'W', 'L', 'L']",6,1,7,2,1,3,2,0,2,2,0,2,7,4,11,1.2,4.0,1.6,2.0,16.67%,3.0,25.00%,1.0,8.33%,1.0,8.33%,2.0,16.67%,2.0,16.67%,1.0,8.33%,,,13,1,14,2.2,1.0,2.0,2.0,15.38%,6.0,46.15%,1.0,7.69%,,,1.0,7.69%,2.0,15.38%,1.0,7.69%,,,1,1,0,3-1,1-4,1-7,,3,4,7,1,1,0,1,2,0,2,1,100.00%,0,0%,1,[],,,,,,,,,,,,,,,,,,,,,,,,,,,,,,,,,"[1, 0, 1, 0, 1, 0, 0]",0.43
38,teams/statistics,[],11,1,2014,7,1,1,1,World Cup,World,https://media.api-sports.io/football/leagues/1.png,,2014,7,Uruguay,https://media.api-sports.io/football/teams/7.png,"['L', 'W', 'W', 'L']",2,2,4,1,1,2,0,0,0,1,1,2,3,1,4,1.5,0.5,1.0,,,1.0,25.00%,1.0,25.00%,,,,,2.0,50.00%,,,,,4,2,6,2.0,1.0,1.5,,,1.0,16.67%,,,3.0,50.00%,1.0,16.67%,1.0,16.67%,,,,,2,0,1,2-1,0-1,1-3,2-0,2,1,3,2,0,1,1,0,1,1,1,100.00%,0,0%,1,[],,,,,,,,,,,,,,,,,,,,,,,,,,,,,,,,,"[0, 1, 1, 0]",0.5
39,teams/statistics,[],11,1,2014,8,1,1,1,World Cup,World,https://media.api-sports.io/football/leagues/1.png,,2014,8,Colombia,https://media.api-sports.io/football/teams/8.png,"['W', 'W', 'W', 'W', 'L']",3,2,5,3,1,4,0,0,0,0,1,1,7,5,12,2.3,2.5,2.4,1.0,8.33%,2.0,16.67%,,,3.0,25.00%,2.0,16.67%,3.0,25.00%,1.0,8.33%,,,1,3,4,0.3,1.5,0.8,1.0,25.00%,,,,,1.0,25.00%,2.0,50.00%,,,,,,,4,0,0,3-0,1-4,,2-1,3,4,1,2,2,0,2,0,0,0,2,100.00%,0,0%,2,[],,,,,,,,,,,,,,,,,,,,,,,,,,,,,,,,,"[1, 1, 1, 1, 0]",0.8
40,teams/statistics,[],11,1,2014,9,1,1,1,World Cup,World,https://media.api-sports.io/football/leagues/1.png,,2014,9,Spain,https://media.api-sports.io/football/teams/9.png,"['L', 'L', 'W']",2,1,3,0,1,1,0,0,0,2,0,2,1,3,4,0.5,3.0,1.3,,,1.0,25.00%,1.0,25.00%,,,1.0,25.00%,1.0,25.00%,,,,,7,0,7,3.5,0.0,2.3,,,1.0,14.29%,2.0,28.57%,1.0,14.29%,2.0,28.57%,1.0,14.29%,,,,,0,0,2,,0-3,1-5,,1,3,5,0,0,1,1,1,0,1,1,100.00%,0,0%,1,[],,,,,,,,,,,,,,,,,,,,,,,,,,,,,,,,,"[0, 0, 1]",0.33
41,teams/statistics,[],11,1,2014,10,1,1,1,World Cup,World,https://media.api-sports.io/football/leagues/1.png,,2014,10,England,https://media.api-sports.io/football/teams/10.png,"['L', 'L', 'D']",1,2,3,0,0,0,0,1,1,1,1,2,1,1,2,1.0,0.5,0.7,,,,,1.0,50.00%,,,1.0,50.00%,,,,,,,2,2,4,2.0,1.0,1.3,,,,,2.0,50.00%,1.0,25.00%,,,1.0,25.00%,,,,,0,0,2,,,1-2,2-1,1,1,2,2,0,1,1,0,1,1,0,0%,0,0%,0,[],,,,,,,,,,,,,,,,,,,,,,,,,,,,,,,,,"[0, 0, 0]",0.0
43,teams/statistics,[],11,1,2014,12,1,1,1,World Cup,World,https://media.api-sports.io/football/leagues/1.png,,2014,12,Japan,https://media.api-sports.io/football/teams/12.png,"['L', 'D', 'L']",2,1,3,0,0,0,1,0,1,1,1,2,1,1,2,0.5,1.0,0.7,,,1.0,50.00%,,,1.0,50.00%,,,,,,,,,4,2,6,2.0,2.0,2.0,,,1.0,16.67%,,,1.0,16.67%,2.0,33.33%,2.0,33.33%,,,,,0,1,1,,,1-4,2-1,1,1,4,2,1,0,1,1,0,1,0,0%,0,0%,0,[],,,,,,,,,,,,,,,,,,,,,,,,,,,,,,,,,"[0, 0, 0]",0.0
46,teams/statistics,[],11,1,2014,15,1,1,1,World Cup,World,https://media.api-sports.io/football/leagues/1.png,,2014,15,Switzerland,https://media.api-sports.io/football/teams/15.png,"['W', 'L', 'W', 'L']",2,2,4,1,1,2,0,0,0,1,1,2,4,3,7,2.0,1.5,1.8,1.0,14.29%,,,1.0,14.29%,1.0,14.29%,1.0,14.29%,2.0,28.57%,1.0,14.29%,,,6,1,7,3.0,0.5,1.8,,,3.0,42.86%,1.0,14.29%,,,2.0,28.57%,,,,,1.0,14.29%,1,0,1,2-1,0-3,2-5,1-0,2,3,5,1,0,1,1,0,1,1,0,0%,0,0%,0,[],,,,,,,,,,,,,,,,,,,,,,,,,,,,,,,,,"[1, 0, 1, 0]",0.5
47,teams/statistics,[],11,1,2014,16,1,1,1,World Cup,World,https://media.api-sports.io/football/leagues/1.png,,2014,16,Mexico,https://media.api-sports.io/football/teams/16.png,"['W', 'D', 'W', 'L']",1,3,4,1,1,2,0,1,1,0,1,1,1,4,5,1.0,1.3,1.3,,,,,,,1.0,20.00%,3.0,60.00%,1.0,20.00%,,,,,0,3,3,0.0,1.0,0.8,,,,,,,,,,,2.0,66.67%,1.0,33.33%,,,1,1,0,1-0,1-3,,2-1,1,3,0,2,1,1,2,0,1,1,0,0%,0,0%,0,[],,,,,,,,,,,,,,,,,,,,,,,,,,,,,,,,,"[1, 0, 1, 0]",0.5
48,teams/statistics,[],11,1,2014,17,1,1,1,World Cup,World,https://media.api-sports.io/football/leagues/1.png,,2014,17,South Korea,https://media.api-sports.io/football/teams/17.png,"['D', 'L', 'L']",2,1,3,0,0,0,0,1,1,2,0,2,2,1,3,1.0,1.0,1.0,,,,,,,1.0,33.33%,2.0,66.67%,,,,,,,5,1,6,2.5,1.0,2.0,,,2.0,33.33%,1.0,16.67%,,,2.0,33.33%,1.0,16.67%,,,,,0,1,0,,,2-4,,2,1,4,1,0,0,0,1,0,1,0,0%,0,0%,0,[],,,,,,,,,,,,,,,,,,,,,,,,,,,,,,,,,"[0, 0, 0]",0.0
50,teams/statistics,[],11,1,2014,19,1,1,1,World Cup,World,https://media.api-sports.io/football/leagues/1.png,,2014,19,Nigeria,https://media.api-sports.io/football/teams/19.png,"['D', 'W', 'L', 'L']",2,2,4,1,0,1,0,1,1,1,1,2,3,0,3,1.5,0.0,0.8,1.0,25.00%,1.0,25.00%,,,1.0,25.00%,,,,,1.0,25.00%,,,3,2,5,1.5,1.0,1.3,1.0,25.00%,,,,,2.0,50.00%,,,1.0,25.00%,,,,,1,1,0,1-0,,2-3,2-0,2,0,3,2,1,1,2,0,2,2,0,0%,0,0%,0,[],,,,,,,,,,,,,,,,,,,,,,,,,,,,,,,,,"[0, 1, 0, 0]",0.25
51,teams/statistics,[],11,1,2014,20,1,1,1,World Cup,World,https://media.api-sports.io/football/leagues/1.png,,2014,20,Australia,https://media.api-sports.io/football/teams/20.png,"['L', 'L', 'L']",2,1,3,0,0,0,0,0,0,2,1,3,2,1,3,1.0,1.0,1.0,,,1.0,33.33%,1.0,33.33%,1.0,33.33%,,,,,,,,,6,3,9,3.0,3.0,3.0,2.0,22.22%,1.0,11.11%,1.0,11.11%,1.0,11.11%,2.0,22.22%,1.0,11.11%,1.0,11.11%,,,0,0,3,,,0-3,3-1,2,1,3,3,0,0,0,1,0,1,1,100.00%,0,0%,1,[],,,,,,,,,,,,,,,,,,,,,,,,,,,,,,,,,"[0, 0, 0]",0.0
53,teams/statistics,[],11,1,2014,22,1,1,1,World Cup,World,https://media.api-sports.io/football/leagues/1.png,,2014,22,Iran,https://media.api-sports.io/football/teams/22.png,"['D', 'L', 'L']",1,2,3,0,0,0,1,0,1,0,2,2,0,1,1,0.0,0.5,0.3,,,,,,,,,,,1.0,100.00%,,,,,0,4,4,0.0,2.0,1.3,,,1.0,25.00%,,,1.0,25.00%,,,1.0,25.00%,1.0,25.00%,,,0,1,0,,,,3-1,0,1,0,3,1,0,1,1,1,2,0,0%,0,0%,0,[],,,,,,,,,,,,,,,,,,,,,,,,,,,,,,,,,"[0, 0, 0]",0.0
56,teams/statistics,[],11,1,2014,25,1,1,1,World Cup,World,https://media.api-sports.io/football/leagues/1.png,,2014,25,Germany,https://media.api-sports.io/football/teams/25.png,"['W', 'D', 'W', 'W', 'W', 'W', 'W']",4,3,7,3,3,6,1,0,1,0,0,0,9,9,18,2.3,3.0,2.6,3.0,16.67%,4.0,22.22%,1.0,5.56%,3.0,16.67%,2.0,11.11%,2.0,11.11%,1.0,5.56%,2.0,11.11%,3,1,4,0.8,0.3,0.6,,,,,,,1.0,25.00%,1.0,25.00%,1.0,25.00%,,,1.0,25.00%,1,1,0,4-0,1-7,,,4,7,2,1,2,2,4,0,0,0,1,100.00%,0,0%,1,[],,,,,,,,,,,,,,,,,,,,,,,,,,,,,,,,,"[1, 0, 1, 1, 1, 1, 1]",0.86
57,teams/statistics,[],11,1,2014,26,1,1,1,World Cup,World,https://media.api-sports.io/football/leagues/1.png,,2014,26,Argentina,https://media.api-sports.io/football/teams/26.png,"['W', 'W', 'W', 'W', 'W', 'D', 'L']",4,3,7,4,1,5,0,1,1,0,1,1,5,3,8,1.3,1.0,1.1,2.0,28.57%,,,,,2.0,28.57%,1.0,14.29%,,,1.0,14.29%,1.0,14.29%,1,3,4,0.3,1.0,0.6,2.0,40.00%,,,,,1.0,20.00%,,,1.0,20.00%,,,1.0,20.00%,5,1,0,2-1,2-3,,1-0,2,3,1,2,3,1,4,0,2,2,0,0%,0,0%,0,[],,,,,,,,,,,,,,,,,,,,,,,,,,,,,,,,,"[1, 1, 1, 1, 1, 0, 0]",0.71
58,teams/statistics,[],11,1,2014,27,1,1,1,World Cup,World,https://media.api-sports.io/football/leagues/1.png,,2014,27,Portugal,https://media.api-sports.io/football/teams/27.png,"['L', 'D', 'W']",1,2,3,1,0,1,0,1,1,0,1,1,2,2,4,2.0,1.0,1.3,1.0,33.33%,,,,,,,,,1.0,33.33%,1.0,33.33%,,,1,6,7,1.0,3.0,2.3,1.0,12.50%,1.0,12.50%,1.0,12.50%,2.0,25.00%,1.0,12.50%,2.0,25.00%,,,,,0,1,1,2-1,,,4-0,2,2,1,4,0,0,0,0,1,1,0,0%,0,0%,0,[],,,,,,,,,,,,,,,,,,,,,,,,,,,,,,,,,"[0, 0, 1]",0.33
60,teams/statistics,[],11,1,2014,29,1,1,1,World Cup,World,https://media.api-sports.io/football/leagues/1.png,,2014,29,Costa Rica,https://media.api-sports.io/football/teams/29.png,"['W', 'W', 'D', 'D', 'D']",2,3,5,0,2,2,2,1,3,0,0,0,1,4,5,0.5,1.3,1.0,,,,,1.0,20.00%,3.0,60.00%,,,1.0,20.00%,,,,,1,1,2,0.5,0.3,0.4,,,1.0,50.00%,,,,,,,,,1.0,50.00%,,,2,0,0,,1-3,,,1,3,1,1,1,2,3,1,1,2,0,0%,0,0%,0,[],,,,,,,,,,,,,,,,,,,,,,,,,,,,,,,,,"[1, 1, 0, 0, 0]",0.4
64,teams/statistics,[],11,1,2018,1,1,1,1,World Cup,World,https://media.api-sports.io/football/leagues/1.png,,2018,1,Belgium,https://media.api-sports.io/football/teams/1.png,"['W', 'W', 'W', 'W', 'W', 'L', 'W']",4,3,7,4,2,6,0,0,0,0,1,1,13,3,16,3.3,1.0,2.3,2.0,13.33%,1.0,6.67%,1.0,6.67%,4.0,26.67%,4.0,26.67%,2.0,13.33%,1.0,6.67%,,,4,2,6,1.0,0.7,0.9,1.0,14.29%,1.0,14.29%,,,3.0,42.86%,,,1.0,14.29%,1.0,14.29%,,,5,0,1,5-2,1-2,,1-0,5,2,2,1,2,1,3,0,1,1,1,100.00%,0,0%,1,"[{'formation': '3-4-2-1', 'played': 5}, {'formation': '4-3-3', 'played': 1}, {'formation': '4-2-3-1', 'played': 1}]",1.0,9.09%,1.0,9.09%,1.0,9.09%,2.0,18.18%,3.0,27.27%,3.0,27.27%,,,,,,,,,,,,,,,,,,,,,"[1, 1, 1, 1, 1, 0, 1]",0.86
65,teams/statistics,[],11,1,2018,2,1,1,1,World Cup,World,https://media.api-sports.io/football/leagues/1.png,,2018,2,France,https://media.api-sports.io/football/teams/2.png,"['W', 'W', 'D', 'W', 'W', 'W', 'W']",5,2,7,5,1,6,0,1,1,0,0,0,12,2,14,2.4,1.0,2.0,1.0,8.33%,,,3.0,25.00%,4.0,33.33%,4.0,33.33%,,,,,,,6,0,6,1.2,0.0,0.9,,,2.0,25.00%,1.0,12.50%,1.0,12.50%,2.0,25.00%,1.0,12.50%,1.0,12.50%,,,2,1,0,4-2,0-2,,,4,2,3,0,2,2,4,0,1,1,3,100.00%,0,0%,3,"[{'formation': '4-2-3-1', 'played': 5}, {'formation': '4-4-2', 'played': 1}, {'formation': '4-3-3', 'played': 1}]",,,2.0,16.67%,2.0,16.67%,,,3.0,25.00%,5.0,41.67%,,,,,,,,,,,,,,,,,,,,,"[1, 1, 0, 1, 1, 1, 1]",0.86
66,teams/statistics,[],11,1,2018,3,1,1,1,World Cup,World,https://media.api-sports.io/football/leagues/1.png,,2018,3,Croatia,https://media.api-sports.io/football/teams/3.png,"['W', 'W', 'W', 'D', 'D', 'W', 'L']",3,4,7,2,2,4,1,1,2,0,1,1,5,9,14,1.7,2.3,2.0,1.0,4.76%,2.0,9.52%,1.0,4.76%,2.0,9.52%,3.0,14.29%,2.0,9.52%,2.0,9.52%,8.0,38.10%,2,7,9,0.7,1.8,1.3,2.0,14.29%,,,3.0,21.43%,1.0,7.14%,1.0,7.14%,1.0,7.14%,,,6.0,42.86%,3,2,0,2-0,0-3,,4-2,2,3,1,4,1,1,2,0,0,0,8,72.73%,3,27.27%,11,"[{'formation': '4-1-4-1', 'played': 4}, {'formation': '4-2-3-1', 'played': 2}, {'formation': '4-3-2-1', 'played': 1}]",1.0,6.67%,1.0,6.67%,3.0,20.00%,2.0,13.33%,1.0,6.67%,4.0,26.67%,2.0,13.33%,1.0,6.67%,,,,,,,,,,,,,,,,,"[1, 1, 1, 0, 0, 1, 0]",0.57
67,teams/statistics,[],11,1,2018,4,1,1,1,World Cup,World,https://media.api-sports.io/football/leagues/1.png,,2018,4,Russia,https://media.api-sports.io/football/teams/4.png,"['W', 'W', 'L', 'D', 'D']",3,2,5,2,0,2,1,1,2,0,1,1,10,1,11,3.3,0.5,2.2,2.0,10.53%,1.0,5.26%,3.0,15.79%,1.0,5.26%,2.0,10.53%,,,2.0,10.53%,8.0,42.11%,3,4,7,1.0,2.0,1.4,1.0,7.69%,,,1.0,7.69%,1.0,7.69%,1.0,7.69%,1.0,7.69%,1.0,7.69%,7.0,53.85%,2,0,1,5-0,,,3-0,5,1,2,3,1,0,1,0,1,1,8,80.00%,2,20.00%,10,"[{'formation': '4-2-3-1', 'played': 4}, {'formation': '3-4-2-1', 'played': 1}]",1.0,12.50%,1.0,12.50%,1.0,12.50%,1.0,12.50%,1.0,12.50%,2.0,25.00%,,,1.0,12.50%,,,,,1.0,100.00%,,,,,,,,,,,"[1, 1, 0, 0, 0]",0.4
68,teams/statistics,[],11,1,2018,5,1,1,1,World Cup,World,https://media.api-sports.io/football/leagues/1.png,,2018,5,Sweden,https://media.api-sports.io/football/teams/5.png,"['W', 'L', 'W', 'W', 'L']",3,2,5,2,1,3,0,0,0,1,1,2,2,4,6,0.7,2.0,1.2,,,,,1.0,20.00%,1.0,20.00%,3.0,60.00%,,,,,,,2,2,4,0.7,1.0,0.8,,,1.0,20.00%,,,2.0,40.00%,1.0,20.00%,,,1.0,20.00%,,,2,0,1,1-0,0-3,0-2,2-1,1,3,2,2,2,1,3,1,0,1,2,100.00%,0,0%,2,"[{'formation': '4-4-2', 'played': 5}]",,,1.0,12.50%,1.0,12.50%,1.0,12.50%,1.0,12.50%,4.0,50.00%,,,,,,,,,,,,,,,,,,,,,"[1, 0, 1, 1, 0]",0.6
69,teams/statistics,[],11,1,2018,6,1,1,1,World Cup,World,https://media.api-sports.io/football/leagues/1.png,,2018,6,Brazil,https://media.api-sports.io/football/teams/6.png,"['D', 'W', 'W', 'W', 'L']",4,1,5,2,1,3,1,0,1,1,0,1,6,2,8,1.5,2.0,1.6,1.0,11.11%,1.0,11.11%,1.0,11.11%,1.0,11.11%,1.0,11.11%,2.0,22.22%,2.0,22.22%,,,3,0,3,0.8,0.0,0.6,,,,,1.0,50.00%,1.0,50.00%,,,,,,,,,3,1,0,2-0,0-2,1-2,,2,2,2,0,2,1,3,0,0,0,0,0%,0,0%,0,"[{'formation': '4-3-3', 'played': 4}, {'formation': '4-4-2', 'played': 1}]",,,,,1.0,14.29%,2.0,28.57%,,,4.0,57.14%,,,,,,,,,,,,,,,,,,,,,"[0, 1, 1, 1, 0]",0.6
70,teams/statistics,[],11,1,2018,7,1,1,1,World Cup,World,https://media.api-sports.io/football/leagues/1.png,,2018,7,Uruguay,https://media.api-sports.io/football/teams/7.png,"['W', 'W', 'W', 'W', 'L']",4,1,5,3,1,4,0,0,0,1,0,1,6,1,7,1.5,1.0,1.4,2.0,33.33%,1.0,16.67%,,,,,1.0,16.67%,2.0,33.33%,,,,,3,0,3,0.8,0.0,0.6,,,1.0,25.00%,1.0,25.00%,1.0,25.00%,1.0,25.00%,,,,,,,4,0,0,3-0,0-1,0-2,,3,1,2,0,2,1,3,1,0,1,0,0%,0,0%,0,"[{'formation': '4-3-1-2', 'played': 3}, {'formation': '4-4-2', 'played': 2}]",,,,,1.0,33.33%,1.0,33.33%,1.0,33.33%,,,,,,,,,,,,,,,,,,,,,,,"[1, 1, 1, 1, 0]",0.8
71,teams/statistics,[],11,1,2018,8,1,1,1,World Cup,World,https://media.api-sports.io/football/leagues/1.png,,2018,8,Colombia,https://media.api-sports.io/football/teams/8.png,"['L', 'W', 'W', 'D']",2,2,4,0,2,2,1,0,1,1,0,1,2,4,6,1.0,2.0,1.5,,,,,2.0,22.22%,,,3.0,33.33%,,,1.0,11.11%,3.0,33.33%,3,0,3,1.5,0.0,0.8,1.0,14.29%,,,,,1.0,14.29%,1.0,14.29%,,,,,4.0,57.14%,2,0,1,,0-3,1-2,,1,3,2,0,0,2,2,0,0,0,3,60.00%,2,40.00%,5,"[{'formation': '4-2-3-1', 'played': 3}, {'formation': '4-3-1-2', 'played': 1}]",,,,,2.0,22.22%,2.0,22.22%,3.0,33.33%,1.0,11.11%,,,1.0,11.11%,1.0,100.00%,,,,,,,,,,,,,,,"[0, 1, 1, 0]",0.5
72,teams/statistics,[],11,1,2018,9,1,1,1,World Cup,World,https://media.api-sports.io/football/leagues/1.png,,2018,9,Spain,https://media.api-sports.io/football/teams/9.png,"['D', 'W', 'D', 'D']",2,2,4,0,1,1,2,1,3,0,0,0,3,4,7,1.5,2.0,1.8,,,2.0,22.22%,,,3.0,33.33%,,,,,1.0,11.11%,3.0,33.33%,3,3,6,1.5,1.5,1.5,3.0,27.27%,,,2.0,18.18%,,,,,2.0,18.18%,,,4.0,36.36%,1,1,0,,0-1,,,2,3,2,3,0,1,1,0,0,0,3,60.00%,2,40.00%,5,"[{'formation': '4-3-3', 'played': 2}, {'formation': '4-2-3-1', 'played': 1}, {'formation': '4-1-4-1', 'played': 1}]",,,1.0,50.00%,1.0,50.00%,,,,,,,,,,,,,,,,,,,,,,,,,,,"[0, 1, 0, 0]",0.25
73,teams/statistics,[],11,1,2018,10,1,1,1,World Cup,World,https://media.api-sports.io/football/leagues/1.png,,2018,10,England,https://media.api-sports.io/football/teams/10.png,"['W', 'W', 'L', 'D', 'W', 'L', 'L']",2,5,7,1,2,3,0,1,1,1,2,3,6,6,12,3.0,1.2,1.7,3.0,18.75%,2.0,12.50%,2.0,12.50%,3.0,18.75%,1.0,6.25%,,,1.0,6.25%,4.0,25.00%,2,6,8,1.0,1.2,1.1,1.0,9.09%,,,1.0,9.09%,1.0,9.09%,1.0,9.09%,2.0,18.18%,1.0,9.09%,4.0,36.36%,2,1,1,6-1,0-2,0-1,2-0,6,2,1,2,0,1,1,1,1,2,7,87.50%,1,12.50%,8,"[{'formation': '3-1-4-2', 'played': 7}]",,,1.0,12.50%,1.0,12.50%,3.0,37.50%,1.0,12.50%,2.0,25.00%,,,,,,,,,,,,,,,,,,,,,"[1, 1, 0, 0, 1, 0, 0]",0.43
74,teams/statistics,[],11,1,2018,11,1,1,1,World Cup,World,https://media.api-sports.io/football/leagues/1.png,,2018,11,Panama,https://media.api-sports.io/football/teams/11.png,"['L', 'L', 'L']",1,2,3,0,0,0,0,0,0,1,2,3,1,1,2,1.0,0.5,0.7,,,,,,,,,,,1.0,100.00%,,,,,2,9,11,2.0,4.5,3.7,1.0,8.33%,1.0,8.33%,3.0,25.00%,3.0,25.00%,4.0,33.33%,,,,,,,0,0,3,,,1-2,6-1,1,1,2,6,0,0,0,0,1,1,0,0%,0,0%,0,"[{'formation': '4-1-4-1', 'played': 3}]",1.0,9.09%,1.0,9.09%,2.0,18.18%,3.0,27.27%,1.0,9.09%,3.0,27.27%,,,,,,,,,,,,,,,,,,,,,"[0, 0, 0]",0.0
75,teams/statistics,[],11,1,2018,12,1,1,1,World Cup,World,https://media.api-sports.io/football/leagues/1.png,,2018,12,Japan,https://media.api-sports.io/football/teams/12.png,"['W', 'D', 'L', 'L']",2,2,4,0,1,1,1,0,1,1,1,2,2,4,6,1.0,2.0,1.5,1.0,16.67%,,,1.0,16.67%,2.0,33.33%,1.0,16.67%,1.0,16.67%,,,,,3,4,7,1.5,2.0,1.8,1.0,14.29%,,,1.0,14.29%,1.0,14.29%,3.0,42.86%,,,1.0,14.29%,,,1,1,0,,1-2,0-1,3-2,2,2,2,3,0,0,0,1,0,1,1,100.00%,0,0%,1,"[{'formation': '4-2-3-1', 'played': 3}, {'formation': '4-4-2', 'played': 1}]",,,,,1.0,20.00%,,,2.0,40.00%,2.0,40.00%,,,,,,,,,,,,,,,,,,,,,"[1, 0, 0, 0]",0.25
76,teams/statistics,[],11,1,2018,13,1,1,1,World Cup,World,https://media.api-sports.io/football/leagues/1.png,,2018,13,Senegal,https://media.api-sports.io/football/teams/13.png,"['W', 'D', 'L']",1,2,3,0,1,1,0,1,1,1,0,1,0,4,4,0.0,2.0,1.3,1.0,33.33%,,,,,1.0,33.33%,1.0,33.33%,,,,,,,1,3,4,1.0,1.5,1.3,,,,,2.0,40.00%,,,1.0,20.00%,2.0,40.00%,,,,,1,1,0,,1-2,0-1,,0,2,1,2,0,0,0,1,0,1,0,0%,0,0%,0,"[{'formation': '4-4-2', 'played': 2}, {'formation': '4-1-4-1', 'played': 1}]",,,,,,,3.0,50.00%,1.0,16.67%,2.0,33.33%,,,,,,,,,,,,,,,,,,,,,"[1, 0, 0]",0.33
77,teams/statistics,[],11,1,2018,14,1,1,1,World Cup,World,https://media.api-sports.io/football/leagues/1.png,,2018,14,Serbia,https://media.api-sports.io/football/teams/14.png,"['W', 'L', 'L']",2,1,3,0,1,1,0,0,0,2,0,2,1,1,2,0.5,1.0,0.7,1.0,50.00%,,,,,1.0,50.00%,,,,,,,,,4,0,4,2.0,0.0,1.3,,,,,1.0,25.00%,1.0,25.00%,1.0,25.00%,1.0,25.00%,,,,,1,0,0,,0-1,0-2,,1,1,2,0,0,1,1,1,0,1,0,0%,0,0%,0,"[{'formation': '4-2-3-1', 'played': 3}]",,,,,4.0,44.44%,2.0,22.22%,1.0,11.11%,2.0,22.22%,,,,,,,,,,,,,,,,,,,,,"[1, 0, 0]",0.33
78,teams/statistics,[],11,1,2018,15,1,1,1,World Cup,World,https://media.api-sports.io/football/leagues/1.png,,2018,15,Switzerland,https://media.api-sports.io/football/teams/15.png,"['D', 'W', 'D', 'L']",1,3,4,0,1,1,1,1,2,0,1,1,2,3,5,2.0,1.0,1.3,,,,,1.0,16.67%,2.0,33.33%,,,2.0,33.33%,1.0,16.67%,,,2,3,5,2.0,1.0,1.3,1.0,25.00%,1.0,25.00%,,,1.0,25.00%,1.0,25.00%,,,,,,,1,1,0,,1-2,,1-0,2,2,2,1,0,0,0,0,1,1,0,0%,0,0%,0,"[{'formation': '4-2-3-1', 'played': 4}]",,,,,2.0,22.22%,,,5.0,55.56%,2.0,22.22%,,,,,,,,,,,,,,,1.0,100.00%,,,,,"[0, 1, 0, 0]",0.25
79,teams/statistics,[],11,1,2018,16,1,1,1,World Cup,World,https://media.api-sports.io/football/leagues/1.png,,2018,16,Mexico,https://media.api-sports.io/football/teams/16.png,"['W', 'W', 'L', 'L']",1,3,4,0,2,2,0,0,0,1,1,2,0,3,3,0.0,1.0,0.8,,,1.0,25.00%,1.0,25.00%,,,2.0,50.00%,,,,,,,3,3,6,3.0,1.0,1.5,,,,,,,2.0,40.00%,1.0,20.00%,1.0,20.00%,1.0,20.00%,,,2,0,0,,1-2,0-3,2-0,0,2,3,2,0,1,1,1,1,2,1,100.00%,0,0%,1,"[{'formation': '4-2-3-1', 'played': 3}, {'formation': '4-3-3', 'played': 1}]",1.0,11.11%,,,2.0,22.22%,1.0,11.11%,1.0,11.11%,4.0,44.44%,,,,,,,,,,,,,,,,,,,,,"[1, 1, 0, 0]",0.5
80,teams/statistics,[],11,1,2018,17,1,1,1,World Cup,World,https://media.api-sports.io/football/leagues/1.png,,2018,17,South Korea,https://media.api-sports.io/football/teams/17.png,"['L', 'L', 'W']",2,1,3,1,0,1,0,0,0,1,1,2,3,0,3,1.5,0.0,1.0,,,,,,,,,,,,,3.0,100.00%,,,2,1,3,1.0,1.0,1.0,,,1.0,33.33%,,,,,2.0,66.67%,,,,,,,0,0,2,2-0,,1-2,1-0,2,0,2,1,1,0,1,0,1,1,0,0%,0,0%,0,"[{'formation': '4-3-3', 'played': 1}, {'formation': '4-2-3-1', 'played': 1}, {'formation': '4-4-2', 'played': 1}]",2.0,20.00%,1.0,10.00%,,,3.0,30.00%,3.0,30.00%,1.0,10.00%,,,,,,,,,,,,,,,,,,,,,"[0, 0, 1]",0.33
81,teams/statistics,[],11,1,2018,18,1,1,1,World Cup,World,https://media.api-sports.io/football/leagues/1.png,,2018,18,Iceland,https://media.api-sports.io/football/teams/18.png,"['D', 'L', 'L']",1,2,3,0,0,0,0,1,1,1,1,2,1,1,2,1.0,0.5,0.7,,,1.0,50.00%,,,,,,,1.0,50.00%,,,,,2,3,5,2.0,1.5,1.7,,,1.0,20.00%,,,2.0,40.00%,1.0,20.00%,1.0,20.00%,,,,,0,1,0,,,1-2,2-0,1,1,2,2,0,0,0,0,1,1,1,100.00%,0,0%,1,"[{'formation': '4-4-1-1', 'played': 1}, {'formation': '4-4-2', 'played': 1}, {'formation': '4-2-3-1', 'played': 1}]",,,,,,,1.0,33.33%,1.0,33.33%,1.0,33.33%,,,,,,,,,,,,,,,,,,,,,"[0, 0, 0]",0.0
82,teams/statistics,[],11,1,2018,19,1,1,1,World Cup,World,https://media.api-sports.io/football/leagues/1.png,,2018,19,Nigeria,https://media.api-sports.io/football/teams/19.png,"['L', 'W', 'L']",2,1,3,1,0,1,0,0,0,1,1,2,3,0,3,1.5,0.0,1.0,,,,,1.0,25.00%,2.0,50.00%,1.0,25.00%,,,,,,,2,2,4,1.0,2.0,1.3,1.0,33.33%,,,,,,,1.0,33.33%,1.0,33.33%,,,,,1,0,1,2-0,,1-2,2-0,2,0,2,2,1,0,1,0,1,1,1,100.00%,0,0%,1,"[{'formation': '3-5-2', 'played': 2}, {'formation': '4-2-3-1', 'played': 1}]",,,,,2.0,50.00%,,,1.0,25.00%,1.0,25.00%,,,,,,,,,,,,,,,,,,,,,"[0, 1, 0]",0.33
83,teams/statistics,[],11,1,2018,20,1,1,1,World Cup,World,https://media.api-sports.io/football/leagues/1.png,,2018,20,Australia,https://media.api-sports.io/football/teams/20.png,"['L', 'D', 'L']",1,2,3,0,0,0,0,1,1,1,1,2,0,2,2,0.0,1.0,0.7,,,,,1.0,33.33%,,,1.0,33.33%,1.0,33.33%,,,,,2,3,5,2.0,1.5,1.7,1.0,25.00%,1.0,25.00%,,,2.0,50.00%,,,,,,,,,0,1,1,,,0-2,2-1,0,1,2,2,0,0,0,1,0,1,2,100.00%,0,0%,2,"[{'formation': '4-4-1-1', 'played': 3}]",2.0,28.57%,,,,,2.0,28.57%,1.0,14.29%,2.0,28.57%,,,,,,,,,,,,,,,,,,,,,"[0, 0, 0]",0.0
84,teams/statistics,[],11,1,2018,21,1,1,1,World Cup,World,https://media.api-sports.io/football/leagues/1.png,,2018,21,Denmark,https://media.api-sports.io/football/teams/21.png,"['W', 'D', 'D', 'D']",2,2,4,0,1,1,2,1,3,0,0,0,1,2,3,0.5,1.0,0.8,2.0,40.00%,,,,,1.0,20.00%,,,,,,,2.0,40.00%,1,1,2,0.5,0.5,0.5,1.0,20.00%,,,1.0,20.00%,,,,,,,,,3.0,60.00%,1,0,0,,0-1,,,1,1,1,1,1,1,2,1,0,1,2,40.00%,3,60.00%,5,"[{'formation': '4-2-3-1', 'played': 2}, {'formation': '4-4-1-1', 'played': 1}, {'formation': '4-1-4-1', 'played': 1}]",,,,,2.0,33.33%,,,,,3.0,50.00%,,,1.0,16.67%,,,,,,,,,,,,,,,,,"[1, 0, 0, 0]",0.25
85,teams/statistics,[],11,1,2018,22,1,1,1,World Cup,World,https://media.api-sports.io/football/leagues/1.png,,2018,22,Iran,https://media.api-sports.io/football/teams/22.png,"['W', 'L', 'D']",2,1,3,0,1,1,1,0,1,1,0,1,1,1,2,0.5,1.0,0.7,,,,,,,,,,,,,1.0,100.00%,,,2,0,2,1.0,0.0,0.7,,,,,1.0,33.33%,1.0,33.33%,,,,,1.0,33.33%,,,1,0,1,,0-1,0-1,,1,1,1,0,0,1,1,1,0,1,1,100.00%,0,0%,1,"[{'formation': '4-1-4-1', 'played': 3}]",1.0,14.29%,,,,,3.0,42.86%,,,3.0,42.86%,,,,,,,,,,,,,,,,,,,,,"[1, 0, 0]",0.33
86,teams/statistics,[],11,1,2018,23,1,1,1,World Cup,World,https://media.api-sports.io/football/leagues/1.png,,2018,23,Saudi Arabia,https://media.api-sports.io/football/teams/23.png,"['L', 'L', 'W']",1,2,3,1,0,1,0,0,0,0,2,2,2,0,2,2.0,0.0,0.7,,,,,,,1.0,50.00%,,,,,1.0,50.00%,,,1,6,7,1.0,3.0,2.3,1.0,14.29%,2.0,28.57%,1.0,14.29%,,,1.0,14.29%,,,2.0,28.57%,,,0,0,2,2-1,,,5-0,2,0,1,5,0,0,0,0,2,2,1,100.00%,0,0%,1,"[{'formation': '4-1-4-1', 'played': 2}, {'formation': '4-2-3-1', 'played': 1}]",,,,,,,,,,,1.0,100.00%,,,,,,,,,,,,,,,,,,,,,"[0, 0, 1]",0.33
87,teams/statistics,[],11,1,2018,24,1,1,1,World Cup,World,https://media.api-sports.io/football/leagues/1.png,,2018,24,Poland,https://media.api-sports.io/football/teams/24.png,"['L', 'L', 'W']",2,1,3,0,1,1,0,0,0,2,0,2,1,1,2,0.5,1.0,0.7,,,,,1.0,33.33%,1.0,33.33%,,,1.0,33.33%,,,,,5,0,5,2.5,0.0,1.7,,,,,1.0,25.00%,1.0,25.00%,2.0,50.00%,,,,,,,0,0,2,,0-1,0-3,,1,1,3,0,0,1,1,1,0,1,0,0%,0,0%,0,"[{'formation': '4-2-3-1', 'played': 2}, {'formation': '3-4-3', 'played': 1}]",1.0,33.33%,,,,,,,1.0,33.33%,1.0,33.33%,,,,,,,,,,,,,,,,,,,,,"[0, 0, 1]",0.33
88,teams/statistics,[],11,1,2018,25,1,1,1,World Cup,World,https://media.api-sports.io/football/leagues/1.png,,2018,25,Germany,https://media.api-sports.io/football/teams/25.png,"['L', 'W', 'L']",2,1,3,1,0,1,0,0,0,1,1,2,2,0,2,1.0,0.0,0.7,,,,,,,1.0,50.00%,,,,,1.0,50.00%,,,2,2,4,1.0,2.0,1.3,,,,,2.0,50.00%,,,,,,,2.0,50.00%,,,1,0,1,2-1,,0-1,2-0,2,0,1,2,0,0,0,1,1,2,0,0%,0,0%,0,"[{'formation': '4-2-3-1', 'played': 3}]",,,,,,,,,1.0,25.00%,3.0,75.00%,,,,,,,,,,,,,,,1.0,100.00%,,,,,"[0, 1, 0]",0.33
89,teams/statistics,[],11,1,2018,26,1,1,1,World Cup,World,https://media.api-sports.io/football/leagues/1.png,,2018,26,Argentina,https://media.api-sports.io/football/teams/26.png,"['D', 'L', 'W', 'L']",2,2,4,0,1,1,1,0,1,1,1,2,1,5,6,0.5,2.5,1.5,1.0,16.67%,1.0,16.67%,1.0,16.67%,1.0,16.67%,,,1.0,16.67%,1.0,16.67%,,,4,5,9,2.0,2.5,2.3,1.0,11.11%,1.0,11.11%,,,3.0,33.33%,2.0,22.22%,1.0,11.11%,1.0,11.11%,,,1,1,1,,1-2,0-3,4-3,1,3,3,4,0,0,0,1,0,1,0,0%,0,0%,0,"[{'formation': '4-3-3', 'played': 1}, {'formation': '4-2-3-1', 'played': 1}, {'formation': '3-4-2-1', 'played': 1}, {'formation': '4-4-2', 'played': 1}]",1.0,9.09%,1.0,9.09%,1.0,9.09%,3.0,27.27%,1.0,9.09%,4.0,36.36%,,,,,,,,,,,,,,,,,,,,,"[0, 0, 1, 0]",0.25
90,teams/statistics,[],11,1,2018,27,1,1,1,World Cup,World,https://media.api-sports.io/football/leagues/1.png,,2018,27,Portugal,https://media.api-sports.io/football/teams/27.png,"['D', 'W', 'D', 'L']",2,2,4,1,0,1,1,1,2,0,1,1,4,2,6,2.0,1.0,1.5,2.0,33.33%,,,2.0,33.33%,1.0,16.67%,,,1.0,16.67%,,,,,3,3,6,1.5,1.5,1.5,1.0,16.67%,1.0,16.67%,,,2.0,33.33%,1.0,16.67%,,,1.0,16.67%,,,1,1,0,1-0,,,2-1,3,1,3,2,1,0,1,0,0,0,1,100.00%,0,0%,1,"[{'formation': '4-4-2', 'played': 4}]",,,1.0,14.29%,1.0,14.29%,,,1.0,14.29%,4.0,57.14%,,,,,,,,,,,,,,,,,,,,,"[0, 1, 0, 0]",0.25
91,teams/statistics,[],11,1,2018,28,1,1,1,World Cup,World,https://media.api-sports.io/football/leagues/1.png,,2018,28,Tunisia,https://media.api-sports.io/football/teams/28.png,"['L', 'L', 'W']",1,2,3,0,1,1,0,0,0,1,1,2,1,4,5,1.0,2.0,1.7,,,1.0,16.67%,2.0,33.33%,1.0,16.67%,1.0,16.67%,,,1.0,16.67%,,,2,6,8,2.0,3.0,2.7,2.0,28.57%,1.0,14.29%,,,2.0,28.57%,,,1.0,14.29%,1.0,14.29%,,,0,0,2,,1-2,1-2,5-2,1,2,2,5,0,0,0,0,0,0,1,100.00%,0,0%,1,"[{'formation': '4-1-4-1', 'played': 2}, {'formation': '4-3-3', 'played': 1}]",1.0,25.00%,,,1.0,25.00%,,,1.0,25.00%,1.0,25.00%,,,,,,,,,,,,,,,,,,,,,"[0, 0, 1]",0.33
92,teams/statistics,[],11,1,2018,29,1,1,1,World Cup,World,https://media.api-sports.io/football/leagues/1.png,,2018,29,Costa Rica,https://media.api-sports.io/football/teams/29.png,"['L', 'L', 'D']",1,2,3,0,0,0,0,1,1,1,1,2,0,2,2,0.0,1.0,0.7,,,,,,,1.0,100.00%,,,,,,,,,1,4,5,1.0,2.0,1.7,,,,,1.0,16.67%,1.0,16.67%,,,1.0,16.67%,3.0,50.00%,,,0,0,2,,,0-1,2-0,0,2,1,2,0,0,0,1,1,2,0,0%,0,0%,0,"[{'formation': '3-4-2-1', 'played': 3}]",1.0,16.67%,2.0,33.33%,,,1.0,16.67%,,,2.0,33.33%,,,,,,,,,,,,,,,,,,,,,"[0, 0, 0]",0.0
93,teams/statistics,[],11,1,2018,30,1,1,1,World Cup,World,https://media.api-sports.io/football/leagues/1.png,,2018,30,Peru,https://media.api-sports.io/football/teams/30.png,"['L', 'L', 'W']",1,2,3,0,1,1,0,0,0,1,1,2,0,2,2,0.0,1.0,0.7,,,1.0,50.00%,,,1.0,50.00%,,,,,,,,,1,1,2,1.0,0.5,0.7,,,,,1.0,50.00%,1.0,50.00%,,,,,,,,,0,0,2,,0-2,0-1,1-0,0,2,1,1,0,1,1,1,1,2,0,0%,0,0%,0,"[{'formation': '4-2-3-1', 'played': 3}]",,,1.0,20.00%,2.0,40.00%,,,,,2.0,40.00%,,,,,,,,,,,,,,,,,,,,,"[0, 0, 1]",0.33
94,teams/statistics,[],11,1,2018,31,1,1,1,World Cup,World,https://media.api-sports.io/football/leagues/1.png,,2018,31,Morocco,https://media.api-sports.io/football/teams/31.png,"['L', 'L', 'D']",1,2,3,0,0,0,0,1,1,1,1,2,0,2,2,0.0,1.0,0.7,1.0,33.33%,,,,,,,,,1.0,33.33%,1.0,33.33%,,,1,3,4,1.0,1.5,1.3,1.0,33.33%,1.0,33.33%,,,,,,,,,1.0,33.33%,,,0,0,2,,,0-1,1-0,0,2,1,2,0,0,0,1,1,2,0,0%,0,0%,0,"[{'formation': '4-2-3-1', 'played': 2}, {'formation': '4-1-4-1', 'played': 1}]",,,2.0,25.00%,4.0,50.00%,,,,,2.0,25.00%,,,,,,,,,,,,,,,,,,,,,"[0, 0, 0]",0.0
95,teams/statistics,[],11,1,2018,32,1,1,1,World Cup,World,https://media.api-sports.io/football/leagues/1.png,,2018,32,Egypt,https://media.api-sports.io/football/teams/32.png,"['L', 'L', 'L']",1,2,3,0,0,0,0,0,0,1,2,3,0,2,2,0.0,1.0,0.7,,,1.0,33.33%,,,1.0,33.33%,1.0,33.33%,,,,,,,1,5,6,1.0,2.5,2.0,,,,,,,2.0,40.00%,1.0,20.00%,1.0,20.00%,1.0,20.00%,,,0,0,3,,,0-1,3-1,0,1,1,3,0,0,0,1,0,1,1,100.00%,0,0%,1,"[{'formation': '4-2-3-1', 'played': 3}]",,,,,1.0,20.00%,1.0,20.00%,,,3.0,60.00%,,,,,,,,,,,,,,,,,,,,,"[0, 0, 0]",0.0
